account_id,customer_id,account_type,provider,opened_at,status,base_currency
A00001,C0001,MUTUAL_FUND,Harbor Investments,2023-07-10,CLOSED,INR
A00002,C0002,BROKERAGE,NorthStar Securities,2024-12-27,ACTIVE,INR
A00003,C0003,BROKERAGE,Harbor Investments,2023-03-02,ACTIVE,INR
A00004,C0003,RETIREMENT,NorthStar Securities,2023-04-23,ACTIVE,INR
A00005,C0004,MUTUAL_FUND,Zenith Broking,2025-10-07,ACTIVE,INR
A00006,C0005,RETIREMENT,NorthStar Securities,2025-08-06,ACTIVE,INR
A00007,C0006,RETIREMENT,BlueRiver MF,2025-12-02,ACTIVE,INR
A00008,C0007,MUTUAL_FUND,Harbor Investments,2026-02-20,ACTIVE,INR
A00009,C0008,BROKERAGE,Zenith Broking,2025-08-10,ACTIVE,INR
A00010,C0008,MUTUAL_FUND,Harbor Investments,2025-07-09,ACTIVE,INR
A00011,C0009,RETIREMENT,Harbor Investments,2025-06-11,DORMANT,INR
A00012,C0010,RETIREMENT,Harbor Investments,2026-01-05,ACTIVE,INR
A00013,C0011,MUTUAL_FUND,Zenith Broking,2026-01-29,ACTIVE,INR
A00014,C0011,BROKERAGE,Zenith Broking,2026-01-29,ACTIVE,INR
A00015,C0012,BROKERAGE,Harbor Investments,2024-02-21,DORMANT,INR
A00016,C0012,BROKERAGE,NorthStar Securities,2024-01-18,ACTIVE,INR
A00017,C0013,MUTUAL_FUND,Harbor Investments,2024-12-20,ACTIVE,INR
A00018,C0014,RETIREMENT,BlueRiver MF,2026-01-15,ACTIVE,INR
A00019,C0014,RETIREMENT,BlueRiver MF,2026-02-17,ACTIVE,INR
A00020,C0015,BROKERAGE,Zenith Broking,2025-05-31,ACTIVE,INR
A00021,C0016,BROKERAGE,Harbor Investments,2026-07-30,ACTIVE,INR
A00022,C0017,RETIREMENT,Harbor Investments,2024-01-27,ACTIVE,INR
A00023,C0018,BROKERAGE,NorthStar Securities,2023-08-25,ACTIVE,INR
A00024,C0019,RETIREMENT,Harbor Investments,2023-10-26,CLOSED,INR
A00025,C0020,MUTUAL_FUND,Zenith Broking,2024-11-07,ACTIVE,INR
A00026,C0020,RETIREMENT,Zenith Broking,2024-11-01,ACTIVE,INR
A00027,C0020,RETIREMENT,BlueRiver MF,2024-10-17,ACTIVE,INR
A00028,C0021,BROKERAGE,Zenith Broking,2023-06-16,ACTIVE,INR
A00029,C0021,MUTUAL_FUND,BlueRiver MF,2023-06-06,CLOSED,INR
A00030,C0022,MUTUAL_FUND,Harbor Investments,2024-10-20,ACTIVE,INR
A00031,C0023,MUTUAL_FUND,Zenith Broking,2025-03-29,ACTIVE,INR
A00032,C0024,MUTUAL_FUND,Zenith Broking,2025-04-08,ACTIVE,INR
A00033,C0025,BROKERAGE,BlueRiver MF,2023-10-31,ACTIVE,INR
A00034,C0026,RETIREMENT,Zenith Broking,2026-01-27,ACTIVE,INR
A00035,C0026,RETIREMENT,Zenith Broking,2026-02-15,ACTIVE,INR
A00036,C0026,RETIREMENT,BlueRiver MF,2026-02-15,ACTIVE,INR
A00037,C0027,MUTUAL_FUND,NorthStar Securities,2023-07-05,ACTIVE,INR
A00038,C0028,MUTUAL_FUND,Harbor Investments,2025-10-06,ACTIVE,INR
A00039,C0029,MUTUAL_FUND,Zenith Broking,2023-05-05,ACTIVE,INR
A00040,C0029,BROKERAGE,BlueRiver MF,2023-04-13,ACTIVE,INR
A00041,C0030,BROKERAGE,NorthStar Securities,2024-11-10,ACTIVE,INR
A00042,C0031,RETIREMENT,Zenith Broking,2023-03-16,ACTIVE,INR
A00043,C0032,BROKERAGE,BlueRiver MF,2023-05-23,ACTIVE,INR
A00044,C0032,RETIREMENT,Zenith Broking,2023-07-08,DORMANT,INR
A00045,C0033,MUTUAL_FUND,Harbor Investments,2025-09-08,ACTIVE,INR
A00046,C0034,BROKERAGE,NorthStar Securities,2024-02-16,ACTIVE,INR
A00047,C0035,RETIREMENT,Harbor Investments,2024-04-12,ACTIVE,INR
A00048,C0036,MUTUAL_FUND,Harbor Investments,2023-10-05,ACTIVE,INR
A00049,C0036,BROKERAGE,BlueRiver MF,2023-09-28,ACTIVE,INR
A00050,C0037,RETIREMENT,Harbor Investments,2025-05-04,ACTIVE,INR
A00051,C0037,RETIREMENT,Zenith Broking,2025-05-04,ACTIVE,INR
A00052,C0038,RETIREMENT,Harbor Investments,2025-12-27,ACTIVE,INR
A00053,C0039,MUTUAL_FUND,BlueRiver MF,2023-09-05,ACTIVE,INR
A00054,C0040,MUTUAL_FUND,Harbor Investments,2024-07-30,DORMANT,INR
A00055,C0041,BROKERAGE,Harbor Investments,2026-05-02,ACTIVE,INR
A00056,C0042,RETIREMENT,Harbor Investments,2023-09-10,CLOSED,INR
A00057,C0042,RETIREMENT,NorthStar Securities,2023-10-31,ACTIVE,INR
A00058,C0043,MUTUAL_FUND,NorthStar Securities,2025-09-16,ACTIVE,INR
A00059,C0043,BROKERAGE,Zenith Broking,2025-08-28,ACTIVE,INR
A00060,C0044,BROKERAGE,Harbor Investments,2023-11-05,ACTIVE,INR
A00061,C0045,BROKERAGE,BlueRiver MF,2023-05-03,ACTIVE,INR
A00062,C0046,MUTUAL_FUND,BlueRiver MF,2024-10-13,ACTIVE,INR
A00063,C0047,MUTUAL_FUND,BlueRiver MF,2025-09-14,CLOSED,INR
A00064,C0048,RETIREMENT,Harbor Investments,2026-06-08,ACTIVE,INR
A00065,C0048,BROKERAGE,Harbor Investments,2026-05-05,ACTIVE,INR
A00066,C0049,RETIREMENT,Zenith Broking,2024-03-02,ACTIVE,INR
A00067,C0049,RETIREMENT,BlueRiver MF,2024-04-10,ACTIVE,INR
A00068,C0049,BROKERAGE,NorthStar Securities,2024-03-12,ACTIVE,INR
A00069,C0050,MUTUAL_FUND,BlueRiver MF,2024-10-11,ACTIVE,INR
A00070,C0050,BROKERAGE,Harbor Investments,2024-10-08,ACTIVE,INR
A00071,C0050,RETIREMENT,Harbor Investments,2024-09-26,ACTIVE,INR
A00072,C0051,MUTUAL_FUND,NorthStar Securities,2024-05-08,ACTIVE,INR
A00073,C0051,RETIREMENT,BlueRiver MF,2024-04-29,ACTIVE,INR
A00074,C0052,RETIREMENT,Harbor Investments,2024-08-19,ACTIVE,INR
A00075,C0053,MUTUAL_FUND,BlueRiver MF,2026-06-08,ACTIVE,INR
A00076,C0054,RETIREMENT,Harbor Investments,2023-12-18,ACTIVE,INR
A00077,C0055,RETIREMENT,BlueRiver MF,2026-02-12,ACTIVE,INR
A00078,C0056,RETIREMENT,BlueRiver MF,2024-02-18,ACTIVE,INR
A00079,C0057,RETIREMENT,NorthStar Securities,2023-12-27,ACTIVE,INR
A00080,C0058,RETIREMENT,Harbor Investments,2023-06-08,ACTIVE,INR
A00081,C0058,RETIREMENT,Harbor Investments,2023-06-27,ACTIVE,INR
A00082,C0059,BROKERAGE,Harbor Investments,2023-08-30,ACTIVE,INR
A00083,C0060,MUTUAL_FUND,NorthStar Securities,2023-04-29,ACTIVE,INR
A00084,C0061,RETIREMENT,BlueRiver MF,2025-10-14,ACTIVE,INR
A00085,C0062,RETIREMENT,Harbor Investments,2023-08-12,ACTIVE,INR
A00086,C0063,BROKERAGE,BlueRiver MF,2026-04-03,ACTIVE,INR
A00087,C0063,MUTUAL_FUND,Zenith Broking,2026-04-22,ACTIVE,INR
A00088,C0064,MUTUAL_FUND,NorthStar Securities,2025-10-01,ACTIVE,INR
A00089,C0065,MUTUAL_FUND,BlueRiver MF,2024-09-29,ACTIVE,INR
A00090,C0066,MUTUAL_FUND,NorthStar Securities,2025-03-05,ACTIVE,INR
A00091,C0067,RETIREMENT,NorthStar Securities,2023-02-28,ACTIVE,INR
A00092,C0068,MUTUAL_FUND,Zenith Broking,2024-08-11,DORMANT,INR
A00093,C0069,RETIREMENT,NorthStar Securities,2023-10-30,ACTIVE,INR
A00094,C0069,MUTUAL_FUND,Zenith Broking,2023-12-02,ACTIVE,INR
A00095,C0070,MUTUAL_FUND,Harbor Investments,2024-10-15,ACTIVE,INR
A00096,C0071,RETIREMENT,BlueRiver MF,2025-12-22,ACTIVE,INR
A00097,C0071,BROKERAGE,Harbor Investments,2025-12-28,ACTIVE,INR
A00098,C0072,MUTUAL_FUND,NorthStar Securities,2023-04-19,ACTIVE,INR
A00099,C0072,BROKERAGE,Harbor Investments,2023-05-16,ACTIVE,INR
A00100,C0072,MUTUAL_FUND,Harbor Investments,2023-04-13,ACTIVE,INR
A00101,C0073,RETIREMENT,Harbor Investments,2024-04-23,DORMANT,INR
A00102,C0073,BROKERAGE,NorthStar Securities,2024-04-30,ACTIVE,INR
A00103,C0074,MUTUAL_FUND,Harbor Investments,2026-06-21,ACTIVE,INR
A00104,C0075,RETIREMENT,BlueRiver MF,2024-03-29,ACTIVE,INR
A00105,C0076,BROKERAGE,Harbor Investments,2025-11-14,ACTIVE,INR
A00106,C0077,MUTUAL_FUND,NorthStar Securities,2024-04-05,ACTIVE,INR
A00107,C0078,BROKERAGE,NorthStar Securities,2025-10-02,ACTIVE,INR
A00108,C0079,BROKERAGE,Zenith Broking,2023-03-15,ACTIVE,INR
A00109,C0080,RETIREMENT,Zenith Broking,2025-09-15,ACTIVE,INR
A00110,C0081,RETIREMENT,Harbor Investments,2024-11-20,ACTIVE,INR
A00111,C0082,RETIREMENT,Zenith Broking,2023-05-03,ACTIVE,INR
A00112,C0082,BROKERAGE,Harbor Investments,2023-05-13,ACTIVE,INR
A00113,C0083,RETIREMENT,BlueRiver MF,2025-06-08,ACTIVE,INR
A00114,C0084,BROKERAGE,NorthStar Securities,2026-04-01,ACTIVE,INR
A00115,C0084,BROKERAGE,BlueRiver MF,2026-04-09,ACTIVE,INR
A00116,C0085,MUTUAL_FUND,Zenith Broking,2025-09-30,ACTIVE,INR
A00117,C0086,BROKERAGE,Zenith Broking,2026-07-21,ACTIVE,INR
A00118,C0087,RETIREMENT,Harbor Investments,2025-10-31,ACTIVE,INR
A00119,C0088,RETIREMENT,Harbor Investments,2025-05-07,ACTIVE,INR
A00120,C0088,MUTUAL_FUND,NorthStar Securities,2025-05-02,ACTIVE,INR
A00121,C0089,RETIREMENT,Harbor Investments,2025-04-22,ACTIVE,INR
A00122,C0089,RETIREMENT,BlueRiver MF,2025-04-07,ACTIVE,INR
A00123,C0090,BROKERAGE,Zenith Broking,2026-03-21,ACTIVE,INR
A00124,C0090,BROKERAGE,Zenith Broking,2026-03-20,ACTIVE,INR
A00125,C0091,RETIREMENT,NorthStar Securities,2026-05-10,ACTIVE,INR
A00126,C0091,BROKERAGE,Zenith Broking,2026-05-13,ACTIVE,INR
A00127,C0092,MUTUAL_FUND,Harbor Investments,2025-06-28,ACTIVE,INR
A00128,C0093,MUTUAL_FUND,NorthStar Securities,2025-06-14,ACTIVE,INR
A00129,C0093,BROKERAGE,NorthStar Securities,2025-06-20,ACTIVE,INR
A00130,C0094,BROKERAGE,NorthStar Securities,2025-04-04,ACTIVE,INR
A00131,C0095,RETIREMENT,NorthStar Securities,2024-08-13,ACTIVE,INR
A00132,C0095,MUTUAL_FUND,Harbor Investments,2024-06-26,ACTIVE,INR
A00133,C0096,MUTUAL_FUND,NorthStar Securities,2023-11-30,ACTIVE,INR
A00134,C0096,BROKERAGE,Zenith Broking,2023-11-23,ACTIVE,INR
A00135,C0097,BROKERAGE,NorthStar Securities,2024-12-01,ACTIVE,INR
A00136,C0098,BROKERAGE,Zenith Broking,2024-05-08,ACTIVE,INR
A00137,C0099,BROKERAGE,BlueRiver MF,2026-04-27,ACTIVE,INR
A00138,C0099,BROKERAGE,NorthStar Securities,2026-04-07,ACTIVE,INR
A00139,C0100,RETIREMENT,NorthStar Securities,2026-05-27,ACTIVE,INR
A00140,C0100,BROKERAGE,Harbor Investments,2026-07-02,ACTIVE,INR
A00141,C0100,MUTUAL_FUND,BlueRiver MF,2026-05-31,ACTIVE,INR
A00142,C0101,BROKERAGE,BlueRiver MF,2024-11-16,ACTIVE,INR
A00143,C0101,MUTUAL_FUND,NorthStar Securities,2024-10-23,ACTIVE,INR
A00144,C0102,RETIREMENT,Harbor Investments,2025-07-16,ACTIVE,INR
A00145,C0103,BROKERAGE,NorthStar Securities,2023-10-21,ACTIVE,INR
A00146,C0104,MUTUAL_FUND,BlueRiver MF,2024-01-19,ACTIVE,INR
A00147,C0105,MUTUAL_FUND,BlueRiver MF,2023-05-12,ACTIVE,INR
A00148,C0105,RETIREMENT,BlueRiver MF,2023-05-21,ACTIVE,INR
A00149,C0106,MUTUAL_FUND,Zenith Broking,2023-03-30,ACTIVE,INR
A00150,C0106,BROKERAGE,NorthStar Securities,2023-04-04,ACTIVE,INR
A00151,C0107,RETIREMENT,Harbor Investments,2024-04-27,ACTIVE,INR
A00152,C0108,RETIREMENT,Harbor Investments,2024-04-19,ACTIVE,INR
A00153,C0109,MUTUAL_FUND,Zenith Broking,2026-04-22,ACTIVE,INR
A00154,C0109,MUTUAL_FUND,BlueRiver MF,2026-04-20,ACTIVE,INR
A00155,C0110,MUTUAL_FUND,BlueRiver MF,2023-12-07,DORMANT,INR
A00156,C0111,RETIREMENT,Zenith Broking,2024-06-06,ACTIVE,INR
A00157,C0112,MUTUAL_FUND,BlueRiver MF,2023-05-10,ACTIVE,INR
A00158,C0112,BROKERAGE,NorthStar Securities,2023-05-26,ACTIVE,INR
A00159,C0113,RETIREMENT,Zenith Broking,2024-12-01,ACTIVE,INR
A00160,C0114,RETIREMENT,BlueRiver MF,2025-04-28,ACTIVE,INR
A00161,C0115,BROKERAGE,Harbor Investments,2023-10-09,ACTIVE,INR
A00162,C0116,MUTUAL_FUND,Harbor Investments,2024-09-06,ACTIVE,INR
A00163,C0116,RETIREMENT,Harbor Investments,2024-07-15,ACTIVE,INR
A00164,C0117,RETIREMENT,NorthStar Securities,2025-10-20,ACTIVE,INR
A00165,C0118,MUTUAL_FUND,Harbor Investments,2023-08-14,ACTIVE,INR
A00166,C0119,BROKERAGE,Zenith Broking,2025-11-25,ACTIVE,INR
A00167,C0120,MUTUAL_FUND,NorthStar Securities,2026-05-25,ACTIVE,INR
