customer_id,full_name,email,phone,city,state,date_of_birth,onboarded_at,kyc_status,segment
C0001,Rohan Sharma,rohan.sharma1@example.test,+917195320170,Chennai,TN,2003-12-05,2023-06-09,VERIFIED,Mass
C0002,Kabir Singh,kabir.singh2@example.test,+917302451431,Delhi,DL,1981-01-18,2024-10-31,PENDING,Affluent
C0003,Ira Menon,ira.menon3@example.test,+919356028930,Chennai,TN,2002-12-01,2023-02-27,VERIFIED,Mass
C0004,Meera Malhotra,meera.malhotra4@example.test,+919303556662,Hyderabad,TS,1997-02-14,2025-08-09,VERIFIED,Mass
C0005,Ishaan Sharma,ishaan.sharma5@example.test,+917241840732,Jaipur,RJ,1976-12-05,2025-06-07,VERIFIED,Mass
C0006,Naina Menon,naina.menon6@example.test,+917876127022,Jaipur,RJ,1973-03-13,2025-10-08,VERIFIED,Mass
C0007,Vivaan Reddy,vivaan.reddy7@example.test,+918403297626,Bengaluru,KA,1982-10-10,2025-12-22,VERIFIED,Mass
C0008,Kabir Singh,kabir.singh8@example.test,+917528926621,Mumbai,MH,2001-03-22,2025-06-28,VERIFIED,Mass
C0009,Aditi Kapoor,aditi.kapoor9@example.test,+917574073326,Chennai,TN,1966-09-28,2025-04-21,VERIFIED,Mass
C0010,Aarav Rao,aarav.rao10@example.test,+917997834308,Ahmedabad,GJ,1972-01-30,2026-01-04,REVIEW,Mass
C0011,Arjun Nair,arjun.nair11@example.test,+918649913537,Bengaluru,KA,1991-08-05,2025-12-05,VERIFIED,Mass
C0012,Ishaan Malhotra,ishaan.malhotra12@example.test,+917963521425,Mumbai,MH,2004-05-20,2024-01-11,VERIFIED,Affluent
C0013,Sneha Malhotra,sneha.malhotra13@example.test,+917479843528,Bengaluru,KA,1997-04-17,2024-12-14,VERIFIED,Mass
C0014,Aditi Malhotra,aditi.malhotra14@example.test,+918134087330,Jaipur,RJ,1993-06-14,2026-01-09,VERIFIED,Affluent
C0015,Arjun Bose,arjun.bose15@example.test,+919080399991,Jaipur,RJ,1970-11-16,2025-04-06,VERIFIED,Affluent
C0016,Naina Kapoor,naina.kapoor16@example.test,+917277618126,Chennai,TN,1976-09-05,2026-07-19,REVIEW,Affluent
C0017,Vivaan Verma,vivaan.verma17@example.test,+919180577571,Ahmedabad,GJ,1977-10-04,2023-12-15,VERIFIED,HNI
C0018,Aditi Reddy,aditi.reddy18@example.test,+919955565921,Delhi,DL,1991-04-23,2023-07-28,VERIFIED,Affluent
C0019,Arjun Singh,arjun.singh19@example.test,+919355294913,Mumbai,MH,1989-02-28,2023-10-08,VERIFIED,Mass
C0020,Vivaan Gupta,vivaan.gupta20@example.test,+919579163606,Hyderabad,TS,1985-03-20,2024-09-24,VERIFIED,Mass
C0021,Rohan Sharma,rohan.sharma21@example.test,+917277814594,Kolkata,WB,1996-05-18,2023-05-06,VERIFIED,Affluent
C0022,Karan Menon,karan.menon22@example.test,+919693090757,Ahmedabad,GJ,1982-06-04,2024-09-28,VERIFIED,Affluent
C0023,Ira Kulkarni,ira.kulkarni23@example.test,+918840717119,Delhi,DL,2002-11-07,2025-02-25,PENDING,Mass
C0024,Aditya Menon,aditya.menon24@example.test,+918651270194,Bengaluru,KA,2003-05-08,2025-04-08,PENDING,Mass
C0025,Diya Menon,diya.menon25@example.test,+918810941892,Hyderabad,TS,2001-05-18,2023-09-04,VERIFIED,Mass
C0026,Rohan Kulkarni,rohan.kulkarni26@example.test,+919294484255,Chennai,TN,1988-12-25,2025-12-18,VERIFIED,Mass
C0027,Arjun Jain,arjun.jain27@example.test,+917063575169,Mumbai,MH,2004-05-27,2023-05-18,VERIFIED,Mass
C0028,Nikhil Verma,nikhil.verma28@example.test,+919201807364,Bengaluru,KA,1992-03-06,2025-10-06,VERIFIED,Mass
C0029,Karan Rao,karan.rao29@example.test,+917765161918,Delhi,DL,1965-06-08,2023-03-20,VERIFIED,Mass
C0030,Ira Kulkarni,ira.kulkarni30@example.test,+919597179301,Kolkata,WB,1991-03-16,2024-10-05,VERIFIED,Mass
C0031,Riya Malhotra,riya.malhotra31@example.test,+918213068517,Kochi,KL,1973-11-08,2023-02-12,VERIFIED,Mass
C0032,Sneha Mehta,sneha.mehta32@example.test,+917858610595,Kolkata,WB,1990-07-19,2023-05-19,VERIFIED,Mass
C0033,Aditi Nair,aditi.nair33@example.test,+919460033811,Pune,MH,1992-06-10,2025-08-06,VERIFIED,Mass
C0034,Sneha Mehta,sneha.mehta34@example.test,+917850517702,Kochi,KL,1974-11-15,2023-12-26,VERIFIED,Mass
C0035,Arjun Rao,arjun.rao35@example.test,+919699717784,Kolkata,WB,1981-05-29,2024-03-07,VERIFIED,Affluent
C0036,Aditya Kulkarni,aditya.kulkarni36@example.test,+918048419581,Jaipur,RJ,1971-07-08,2023-09-23,REVIEW,Mass
C0037,Vivaan Verma,vivaan.verma37@example.test,+917243526366,Bengaluru,KA,1996-10-21,2025-04-27,VERIFIED,Mass
C0038,Naina Bose,naina.bose38@example.test,+918754485426,Kolkata,WB,1974-05-30,2025-11-10,VERIFIED,Mass
C0039,Diya Nair,diya.nair39@example.test,+917170719087,Kolkata,WB,1988-08-14,2023-09-05,VERIFIED,Mass
C0040,Nikhil Kulkarni,nikhil.kulkarni40@example.test,+918877059971,Mumbai,MH,1966-11-01,2024-07-05,VERIFIED,Mass
C0041,Sneha Kulkarni,sneha.kulkarni41@example.test,+919258128440,Ahmedabad,GJ,1981-08-05,2026-04-18,PENDING,Mass
C0042,Reyansh Gupta,reyansh.gupta42@example.test,+919911518446,Bengaluru,KA,2000-11-04,2023-09-10,VERIFIED,Mass
C0043,Aditi Verma,aditi.verma43@example.test,+918416082235,Mumbai,MH,1976-01-13,2025-07-22,VERIFIED,Mass
C0044,Arjun Jain,arjun.jain44@example.test,+918127985189,Mumbai,MH,1983-04-28,2023-09-12,VERIFIED,Affluent
C0045,Ananya Malhotra,ananya.malhotra45@example.test,+917856337549,Jaipur,RJ,1981-07-28,2023-04-02,VERIFIED,Mass
C0046,Meera Iyer,meera.iyer46@example.test,+917719083194,Ahmedabad,GJ,1994-03-13,2024-10-04,VERIFIED,Mass
C0047,Aditi Iyer,aditi.iyer47@example.test,+919074851694,Mumbai,MH,1985-05-01,2025-07-20,REVIEW,Mass
C0048,Aditya Bose,aditya.bose48@example.test,+917952063665,Bengaluru,KA,1965-12-28,2026-04-29,VERIFIED,Affluent
C0049,Karan Singh,karan.singh49@example.test,+917833785549,Kolkata,WB,1966-07-05,2024-02-18,VERIFIED,Mass
C0050,Naina Verma,naina.verma50@example.test,+918621047430,Pune,MH,1989-07-01,2024-08-23,VERIFIED,Mass
C0051,Karan Kapoor,karan.kapoor51@example.test,+919825473400,Ahmedabad,GJ,1968-06-04,2024-03-20,VERIFIED,Affluent
C0052,Meera Gupta,meera.gupta52@example.test,+918780034370,Jaipur,RJ,1970-02-02,2024-08-04,VERIFIED,HNI
C0053,Reyansh Sharma,reyansh.sharma53@example.test,+919051217352,Jaipur,RJ,1982-12-20,2026-05-09,VERIFIED,Mass
C0054,Meera Kulkarni,meera.kulkarni54@example.test,+919080662752,Kochi,KL,1970-05-14,2023-12-06,PENDING,Mass
C0055,Tara Bose,tara.bose55@example.test,+919348605020,Kolkata,WB,2000-01-25,2026-01-26,VERIFIED,Affluent
C0056,Aditya Bose,aditya.bose56@example.test,+919638940765,Jaipur,RJ,1994-07-29,2023-12-30,VERIFIED,Mass
C0057,Ira Verma,ira.verma57@example.test,+917149048032,Delhi,DL,1968-08-04,2023-11-25,VERIFIED,Affluent
C0058,Sneha Kapoor,sneha.kapoor58@example.test,+919723310910,Ahmedabad,GJ,1984-01-25,2023-05-12,VERIFIED,Mass
C0059,Meera Verma,meera.verma59@example.test,+919809819579,Kochi,KL,1965-03-19,2023-08-28,PENDING,Mass
C0060,Aditya Sharma,aditya.sharma60@example.test,+918100167429,Kochi,KL,2001-01-19,2023-04-04,VERIFIED,Mass
C0061,Aditya Jain,aditya.jain61@example.test,+919098906930,Chennai,TN,1983-10-04,2025-08-25,VERIFIED,Mass
C0062,Sneha Verma,sneha.verma62@example.test,+919876479328,Bengaluru,KA,1975-08-28,2023-06-15,VERIFIED,Mass
C0063,Arjun Kapoor,arjun.kapoor63@example.test,+918784351414,Kochi,KL,1993-06-16,2026-03-24,VERIFIED,Mass
C0064,Naina Singh,naina.singh64@example.test,+919074868336,Ahmedabad,GJ,1967-01-10,2025-09-14,VERIFIED,Mass
C0065,Vivaan Kapoor,vivaan.kapoor65@example.test,+917561370113,Delhi,DL,1970-02-17,2024-09-21,VERIFIED,Affluent
C0066,Ira Gupta,ira.gupta66@example.test,+918261952151,Hyderabad,TS,1975-08-19,2025-03-02,VERIFIED,HNI
C0067,Aditi Iyer,aditi.iyer67@example.test,+918345622408,Chennai,TN,1986-09-10,2023-02-08,VERIFIED,Affluent
C0068,Vivaan Jain,vivaan.jain68@example.test,+919718032199,Mumbai,MH,1979-11-29,2024-06-13,VERIFIED,Mass
C0069,Nikhil Kulkarni,nikhil.kulkarni69@example.test,+919915862893,Delhi,DL,1968-01-09,2023-10-26,VERIFIED,Mass
C0070,Karan Sharma,karan.sharma70@example.test,+917800193622,Jaipur,RJ,2002-04-26,2024-09-28,VERIFIED,HNI
C0071,Naina Jain,naina.jain71@example.test,+917267905500,Ahmedabad,GJ,1990-12-27,2025-12-05,VERIFIED,Affluent
C0072,Reyansh Gupta,reyansh.gupta72@example.test,+918651161417,Kochi,KL,1965-12-17,2023-03-28,VERIFIED,Mass
C0073,Meera Jain,meera.jain73@example.test,+919052311379,Kolkata,WB,1987-11-28,2024-03-14,VERIFIED,Mass
C0074,Ishaan Bose,ishaan.bose74@example.test,+919104910705,Kolkata,WB,1965-11-15,2026-05-27,PENDING,Mass
C0075,Arjun Verma,arjun.verma75@example.test,+918806306187,Jaipur,RJ,1998-10-29,2024-02-21,VERIFIED,Mass
C0076,Rohan Verma,rohan.verma76@example.test,+917239423381,Pune,MH,1971-07-13,2025-10-02,VERIFIED,Affluent
C0077,Kavya Gupta,kavya.gupta77@example.test,+917065253418,Hyderabad,TS,1981-08-07,2024-03-15,VERIFIED,Affluent
C0078,Ira Reddy,ira.reddy78@example.test,+918774258086,Delhi,DL,1985-01-12,2025-08-27,VERIFIED,Mass
C0079,Ishaan Mehta,ishaan.mehta79@example.test,+919297265342,Jaipur,RJ,2002-07-18,2023-01-14,VERIFIED,Mass
C0080,Reyansh Reddy,reyansh.reddy80@example.test,+917954000376,Jaipur,RJ,2001-02-27,2025-09-03,VERIFIED,Affluent
C0081,Meera Rao,meera.rao81@example.test,+917177082047,Kochi,KL,1987-02-17,2024-09-22,PENDING,Mass
C0082,Naina Gupta,naina.gupta82@example.test,+917758892364,Kolkata,WB,1977-09-08,2023-03-24,VERIFIED,Affluent
C0083,Vivaan Verma,vivaan.verma83@example.test,+918093477399,Kochi,KL,1994-11-20,2025-05-09,VERIFIED,Mass
C0084,Diya Iyer,diya.iyer84@example.test,+919966789581,Jaipur,RJ,1994-12-01,2026-03-18,VERIFIED,HNI
C0085,Ishaan Kapoor,ishaan.kapoor85@example.test,+918778217622,Bengaluru,KA,1997-07-19,2025-08-22,VERIFIED,Mass
C0086,Kabir Reddy,kabir.reddy86@example.test,+918149164905,Ahmedabad,GJ,1991-12-09,2026-07-14,VERIFIED,Affluent
C0087,Karan Mehta,karan.mehta87@example.test,+919064031967,Kochi,KL,1973-01-31,2025-09-28,VERIFIED,Affluent
C0088,Naina Gupta,naina.gupta88@example.test,+918201631905,Kochi,KL,1972-06-01,2025-04-28,VERIFIED,Mass
C0089,Aarav Bose,aarav.bose89@example.test,+919281514174,Jaipur,RJ,1992-01-01,2025-03-05,VERIFIED,Mass
C0090,Ira Nair,ira.nair90@example.test,+919505325965,Mumbai,MH,1981-02-13,2026-01-20,VERIFIED,Affluent
C0091,Sneha Nair,sneha.nair91@example.test,+917281948003,Pune,MH,1971-03-09,2026-04-23,VERIFIED,Affluent
C0092,Meera Mehta,meera.mehta92@example.test,+917024518143,Kochi,KL,1989-01-24,2025-06-22,VERIFIED,Affluent
C0093,Rohan Iyer,rohan.iyer93@example.test,+919602197323,Mumbai,MH,1977-03-29,2025-05-05,VERIFIED,Mass
C0094,Reyansh Kapoor,reyansh.kapoor94@example.test,+919207148749,Hyderabad,TS,1987-07-14,2025-03-06,VERIFIED,Mass
C0095,Ananya Singh,ananya.singh95@example.test,+917286812021,Delhi,DL,1997-02-26,2024-06-23,VERIFIED,Mass
C0096,Diya Rao,diya.rao96@example.test,+919424238180,Ahmedabad,GJ,1983-07-09,2023-11-18,VERIFIED,Mass
C0097,Ananya Jain,ananya.jain97@example.test,+918907109167,Chennai,TN,1990-05-18,2024-11-17,VERIFIED,Mass
C0098,Riya Kapoor,riya.kapoor98@example.test,+919888854909,Chennai,TN,2001-03-06,2024-03-12,VERIFIED,Mass
C0099,Sneha Bose,sneha.bose99@example.test,+918076432167,Bengaluru,KA,1980-09-11,2026-03-04,VERIFIED,Mass
C0100,Ananya Malhotra,ananya.malhotra100@example.test,+919217696652,Pune,MH,2002-03-12,2026-05-11,VERIFIED,Mass
C0101,Kavya Kapoor,kavya.kapoor101@example.test,+917788885793,Bengaluru,KA,1966-07-22,2024-10-11,PENDING,Affluent
C0102,Reyansh Iyer,reyansh.iyer102@example.test,+918504186218,Chennai,TN,1991-03-25,2025-06-23,VERIFIED,Affluent
C0103,Riya Kulkarni,riya.kulkarni103@example.test,+919521889794,Chennai,TN,1976-04-01,2023-10-11,PENDING,Affluent
C0104,Ananya Mehta,ananya.mehta104@example.test,+919249991367,Kochi,KL,1984-01-13,2023-12-09,VERIFIED,Affluent
C0105,Reyansh Kapoor,reyansh.kapoor105@example.test,+918149549600,Jaipur,RJ,1972-09-17,2023-04-28,VERIFIED,Mass
C0106,Diya Iyer,diya.iyer106@example.test,+919883638084,Hyderabad,TS,1984-11-20,2023-02-05,REVIEW,Mass
C0107,Riya Singh,riya.singh107@example.test,+918781699115,Ahmedabad,GJ,2004-03-19,2024-03-02,VERIFIED,Mass
C0108,Aditi Sharma,aditi.sharma108@example.test,+919012142392,Pune,MH,1983-07-21,2024-04-18,VERIFIED,Mass
C0109,Ira Kulkarni,ira.kulkarni109@example.test,+919056204002,Hyderabad,TS,1966-06-05,2026-02-27,VERIFIED,Affluent
C0110,Arjun Reddy,arjun.reddy110@example.test,+917771544883,Hyderabad,TS,1978-05-25,2023-10-18,PENDING,Mass
C0111,Reyansh Rao,reyansh.rao111@example.test,+918048783851,Delhi,DL,1984-11-06,2024-04-08,VERIFIED,Affluent
C0112,Karan Malhotra,karan.malhotra112@example.test,+917830725984,Kochi,KL,2002-09-24,2023-04-07,VERIFIED,Mass
C0113,Sneha Nair,sneha.nair113@example.test,+917260732170,Kochi,KL,1983-08-16,2024-11-23,VERIFIED,Mass
C0114,Diya Iyer,diya.iyer114@example.test,+919550821333,Hyderabad,TS,1970-04-02,2025-02-27,VERIFIED,Affluent
C0115,Sneha Verma,sneha.verma115@example.test,+917778949225,Kochi,KL,2003-01-31,2023-08-28,PENDING,Mass
C0116,Sneha Malhotra,sneha.malhotra116@example.test,+918006329611,Jaipur,RJ,1972-07-21,2024-07-08,PENDING,HNI
C0117,Aditya Bose,aditya.bose117@example.test,+918974489797,Chennai,TN,2000-06-13,2025-08-31,VERIFIED,Mass
C0118,Vivaan Gupta,vivaan.gupta118@example.test,+918935329725,Pune,MH,1994-05-03,2023-07-29,VERIFIED,Mass
C0119,Sneha Iyer,sneha.iyer119@example.test,+918390640075,Mumbai,MH,1997-11-27,2025-11-14,REVIEW,Mass
C0120,Ira Bose,ira.bose120@example.test,+917585743053,Chennai,TN,1978-09-19,2026-04-13,VERIFIED,Mass
