goal_id,customer_id,goal_type,goal_name,target_amount,current_funded_amount,target_date,priority
G00001,C0001,WEALTH_CREATION,Family Education,6076934.41,5000753.18,2036-01-14,LOW
G00002,C0002,EMERGENCY_FUND,Primary Retirement,9110164.27,3249060.25,2043-06-06,LOW
G00003,C0002,EDUCATION,Primary Retirement,2106208.8,410065.01,2041-01-18,LOW
G00004,C0003,WEALTH_CREATION,Family Retirement,8213205.12,5081559.06,2028-08-19,LOW
G00005,C0003,HOME_PURCHASE,Family Retirement,9449405.61,6611532.96,2046-03-06,LOW
G00006,C0004,WEALTH_CREATION,Long-term Retirement,6904775.43,4676365.8,2032-03-16,MEDIUM
G00007,C0005,RETIREMENT,Family Travel,6257887.26,972693.5,2030-08-22,HIGH
G00008,C0005,TRAVEL,Long-term Travel,1136259.14,588827.96,2035-04-15,MEDIUM
G00009,C0006,RETIREMENT,Primary Emergency Fund,4605302.68,1063648.39,2036-04-05,HIGH
G00010,C0006,EMERGENCY_FUND,Primary Emergency Fund,8826892.92,4623211.11,2034-08-03,LOW
G00011,C0007,RETIREMENT,Long-term Emergency Fund,763047.99,53898.8,2033-05-23,MEDIUM
G00012,C0007,TRAVEL,Long-term Emergency Fund,9007292.36,4039338.51,2036-03-23,LOW
G00013,C0008,EDUCATION,Personal Retirement,2631380.22,610215.15,2028-10-13,HIGH
G00014,C0009,EDUCATION,Long-term Emergency Fund,6771607.18,1414868.87,2034-08-31,LOW
G00015,C0010,TRAVEL,Personal Travel,9213046.88,438501.18,2044-03-27,MEDIUM
G00016,C0010,EMERGENCY_FUND,Primary Education,660196.79,166081.32,2028-12-26,HIGH
G00017,C0011,TRAVEL,Family Emergency Fund,9607024.72,1009054.36,2037-07-31,HIGH
G00018,C0012,EMERGENCY_FUND,Primary Wealth Creation,10175327.54,4942426.33,2046-04-19,HIGH
G00019,C0013,EMERGENCY_FUND,Personal Wealth Creation,8863665.4,3947030.15,2034-02-22,MEDIUM
G00020,C0014,WEALTH_CREATION,Long-term Retirement,10125678.36,8586711.27,2045-12-17,LOW
G00021,C0015,WEALTH_CREATION,Long-term Emergency Fund,1127585.26,120294.11,2046-02-12,MEDIUM
G00022,C0016,TRAVEL,Family Wealth Creation,11603028.88,5012180.5,2041-07-18,LOW
G00023,C0016,RETIREMENT,Family Home Purchase,7840289.89,6006257.6,2028-12-25,LOW
G00024,C0017,RETIREMENT,Long-term Retirement,1476991.79,416690.99,2040-01-20,HIGH
G00025,C0018,RETIREMENT,Long-term Education,8973633.03,452464.04,2040-10-27,HIGH
G00026,C0018,EDUCATION,Primary Wealth Creation,4039278.88,1883219.74,2033-07-06,HIGH
G00027,C0019,EDUCATION,Family Retirement,5123162.56,279218.56,2027-12-12,LOW
G00028,C0019,WEALTH_CREATION,Long-term Retirement,11457969.5,700948.2,2038-02-07,LOW
G00029,C0020,TRAVEL,Primary Home Purchase,1447118.87,536006.16,2034-12-24,LOW
G00030,C0020,RETIREMENT,Personal Emergency Fund,6119181.0,1015135.41,2034-08-13,MEDIUM
G00031,C0021,RETIREMENT,Long-term Emergency Fund,1671958.01,364925.25,2042-01-02,HIGH
G00032,C0021,EMERGENCY_FUND,Personal Home Purchase,1732719.12,284080.24,2034-07-05,MEDIUM
G00033,C0021,HOME_PURCHASE,Long-term Home Purchase,4461184.49,3515229.92,2029-06-14,LOW
G00034,C0022,RETIREMENT,Primary Education,1098524.18,348637.36,2046-05-11,MEDIUM
G00035,C0022,RETIREMENT,Family Travel,1074654.89,164189.85,2039-06-23,HIGH
G00036,C0023,RETIREMENT,Primary Retirement,527056.4,319453.51,2041-12-02,HIGH
G00037,C0023,RETIREMENT,Personal Wealth Creation,1495411.26,610839.28,2038-08-17,HIGH
G00038,C0024,RETIREMENT,Personal Emergency Fund,1124753.33,732821.78,2042-01-30,LOW
G00039,C0024,RETIREMENT,Family Home Purchase,1511162.57,1113151.55,2039-11-27,MEDIUM
G00040,C0024,TRAVEL,Long-term Wealth Creation,9131188.89,2350135.61,2041-12-02,LOW
G00041,C0025,HOME_PURCHASE,Primary Education,6176069.23,1635818.59,2036-09-08,MEDIUM
G00042,C0026,RETIREMENT,Long-term Travel,8359527.3,5329151.05,2028-07-26,MEDIUM
G00043,C0027,EDUCATION,Family Travel,9956906.26,6137537.18,2028-07-12,LOW
G00044,C0028,TRAVEL,Personal Travel,7006341.18,4003111.7,2046-11-24,HIGH
G00045,C0028,EDUCATION,Long-term Emergency Fund,8723931.97,4115993.18,2043-07-05,MEDIUM
G00046,C0029,EDUCATION,Family Travel,3926043.42,3229049.11,2030-07-13,MEDIUM
G00047,C0029,EDUCATION,Primary Emergency Fund,8851850.51,6586635.75,2033-02-19,MEDIUM
G00048,C0030,TRAVEL,Long-term Home Purchase,4447961.86,1946941.43,2033-04-01,HIGH
G00049,C0030,EDUCATION,Long-term Travel,9493664.84,3122105.56,2038-10-31,LOW
G00050,C0031,EMERGENCY_FUND,Long-term Education,7723323.22,1964675.19,2030-11-23,MEDIUM
G00051,C0032,EMERGENCY_FUND,Long-term Education,4380023.21,2501370.29,2045-05-14,MEDIUM
G00052,C0032,RETIREMENT,Primary Wealth Creation,3221824.55,2293975.74,2028-04-10,HIGH
G00053,C0033,EDUCATION,Long-term Wealth Creation,3427286.35,300727.95,2041-08-09,MEDIUM
G00054,C0034,WEALTH_CREATION,Family Home Purchase,3977100.21,1485689.81,2031-08-16,LOW
G00055,C0035,EMERGENCY_FUND,Long-term Wealth Creation,11733015.34,5696111.31,2034-05-21,HIGH
G00056,C0036,WEALTH_CREATION,Long-term Education,3579002.24,1027340.58,2042-02-22,HIGH
G00057,C0036,EDUCATION,Primary Travel,1118227.27,208426.23,2028-03-12,LOW
G00058,C0037,EDUCATION,Personal Wealth Creation,3401056.13,2134911.58,2028-03-20,LOW
G00059,C0038,EMERGENCY_FUND,Long-term Home Purchase,9579437.13,664773.06,2038-07-02,LOW
G00060,C0038,EDUCATION,Family Retirement,3650433.17,944020.16,2035-08-24,HIGH
G00061,C0039,EMERGENCY_FUND,Long-term Emergency Fund,4448131.79,1460132.76,2040-08-19,LOW
G00062,C0040,WEALTH_CREATION,Primary Retirement,6494402.41,3754124.99,2031-07-14,MEDIUM
G00063,C0041,RETIREMENT,Long-term Home Purchase,2013139.64,936947.43,2032-07-11,LOW
G00064,C0041,EMERGENCY_FUND,Family Home Purchase,677152.51,569443.99,2039-04-30,LOW
G00065,C0042,EMERGENCY_FUND,Family Education,10470112.17,4290301.47,2044-03-26,HIGH
G00066,C0043,RETIREMENT,Long-term Education,7987963.75,5468287.1,2031-05-30,HIGH
G00067,C0043,EMERGENCY_FUND,Primary Emergency Fund,477625.26,218745.04,2027-12-31,HIGH
G00068,C0044,WEALTH_CREATION,Long-term Emergency Fund,11180256.87,4091185.13,2032-01-12,MEDIUM
G00069,C0045,EMERGENCY_FUND,Family Home Purchase,11050215.79,8345668.18,2032-11-02,LOW
G00070,C0046,RETIREMENT,Family Retirement,8652291.83,2334722.02,2031-01-20,HIGH
G00071,C0047,EMERGENCY_FUND,Primary Education,6345824.07,5037657.54,2035-05-17,LOW
G00072,C0047,TRAVEL,Personal Retirement,10093197.92,2272151.28,2033-12-25,MEDIUM
G00073,C0048,RETIREMENT,Personal Education,4561732.61,3376817.38,2038-12-25,MEDIUM
G00074,C0049,EMERGENCY_FUND,Family Travel,7391797.04,1958066.81,2034-06-06,MEDIUM
G00075,C0049,EMERGENCY_FUND,Long-term Wealth Creation,4200133.18,2204595.96,2035-03-20,HIGH
G00076,C0050,EMERGENCY_FUND,Family Education,1019596.13,694900.11,2027-12-08,MEDIUM
G00077,C0051,RETIREMENT,Personal Home Purchase,10698101.15,7478048.75,2030-09-30,MEDIUM
G00078,C0051,WEALTH_CREATION,Family Retirement,11657438.72,6783184.48,2038-09-22,MEDIUM
G00079,C0052,RETIREMENT,Personal Travel,2330941.21,512838.73,2044-07-07,LOW
G00080,C0053,TRAVEL,Primary Travel,6331581.95,566382.59,2034-01-09,MEDIUM
G00081,C0054,HOME_PURCHASE,Personal Emergency Fund,9022100.33,4829961.45,2037-09-04,LOW
G00082,C0054,TRAVEL,Primary Home Purchase,1329427.67,524410.86,2028-11-24,LOW
G00083,C0055,TRAVEL,Personal Wealth Creation,3785626.39,126009.16,2038-06-28,HIGH
G00084,C0055,HOME_PURCHASE,Long-term Education,6476064.57,1470766.48,2042-02-28,MEDIUM
G00085,C0056,WEALTH_CREATION,Primary Wealth Creation,7744487.74,4010514.38,2044-01-17,LOW
G00086,C0057,TRAVEL,Long-term Emergency Fund,5020890.23,3909006.45,2045-07-31,HIGH
G00087,C0057,EDUCATION,Long-term Home Purchase,4314538.7,1225386.5,2030-07-10,MEDIUM
G00088,C0058,RETIREMENT,Long-term Travel,5334548.24,2642551.67,2027-08-24,HIGH
G00089,C0059,HOME_PURCHASE,Personal Home Purchase,4756296.8,3845064.29,2029-04-15,HIGH
G00090,C0060,EMERGENCY_FUND,Family Education,5360487.44,1083175.7,2029-11-14,MEDIUM
G00091,C0061,WEALTH_CREATION,Long-term Wealth Creation,6217986.15,3818009.84,2046-07-30,LOW
G00092,C0061,EMERGENCY_FUND,Family Home Purchase,739796.8,190952.29,2036-12-29,MEDIUM
G00093,C0062,EMERGENCY_FUND,Primary Wealth Creation,1581192.87,429293.91,2033-09-23,MEDIUM
G00094,C0062,EMERGENCY_FUND,Long-term Retirement,8054337.72,4029136.48,2045-11-21,HIGH
G00095,C0063,TRAVEL,Personal Education,830801.33,237744.04,2043-09-23,HIGH
G00096,C0064,TRAVEL,Primary Education,4704068.97,2884720.52,2043-12-21,HIGH
G00097,C0065,EDUCATION,Personal Education,11571617.92,5217893.23,2046-04-06,MEDIUM
G00098,C0066,EDUCATION,Long-term Home Purchase,4544540.13,3027303.85,2036-11-06,LOW
G00099,C0067,EMERGENCY_FUND,Long-term Retirement,5094161.57,915227.32,2044-09-21,LOW
G00100,C0067,EDUCATION,Family Retirement,9294432.6,2828052.46,2031-12-04,MEDIUM
G00101,C0068,TRAVEL,Long-term Emergency Fund,3550697.01,2264332.69,2030-05-10,HIGH
G00102,C0069,HOME_PURCHASE,Long-term Education,4589840.19,1458889.38,2036-12-16,LOW
G00103,C0070,TRAVEL,Long-term Emergency Fund,10126405.08,7099345.04,2035-06-12,LOW
G00104,C0071,HOME_PURCHASE,Long-term Travel,2336964.88,1418414.73,2030-03-01,HIGH
G00105,C0072,EDUCATION,Primary Wealth Creation,7672569.1,558379.26,2037-05-16,MEDIUM
G00106,C0073,HOME_PURCHASE,Personal Emergency Fund,9001433.91,4061201.13,2040-08-10,MEDIUM
G00107,C0074,EDUCATION,Family Emergency Fund,5001756.26,2728010.65,2042-04-17,MEDIUM
G00108,C0074,EDUCATION,Family Wealth Creation,10936896.43,8789147.24,2043-02-11,MEDIUM
G00109,C0075,WEALTH_CREATION,Personal Emergency Fund,6030176.59,3840016.89,2040-10-29,LOW
G00110,C0076,EMERGENCY_FUND,Family Wealth Creation,1912215.58,1089213.47,2040-09-17,MEDIUM
G00111,C0076,RETIREMENT,Primary Education,8050366.45,2857169.6,2037-07-22,MEDIUM
G00112,C0077,TRAVEL,Personal Home Purchase,4443563.73,3654645.06,2042-03-11,MEDIUM
G00113,C0078,HOME_PURCHASE,Primary Travel,9131367.66,3418943.15,2046-09-29,LOW
G00114,C0078,EDUCATION,Long-term Travel,2443184.4,1897226.93,2035-04-05,MEDIUM
G00115,C0079,EDUCATION,Personal Emergency Fund,7532248.74,3967551.72,2039-02-22,LOW
G00116,C0080,EMERGENCY_FUND,Family Emergency Fund,10976243.9,3583556.85,2029-07-27,HIGH
G00117,C0081,WEALTH_CREATION,Long-term Retirement,5436125.25,1251293.4,2037-11-25,LOW
G00118,C0082,HOME_PURCHASE,Primary Emergency Fund,11451432.15,7430551.07,2044-09-23,HIGH
G00119,C0083,EMERGENCY_FUND,Primary Retirement,8110050.32,3318881.84,2046-07-31,LOW
G00120,C0084,EDUCATION,Family Travel,1598077.52,706059.85,2040-06-21,MEDIUM
G00121,C0084,TRAVEL,Personal Education,3391125.67,2378701.44,2030-09-06,LOW
G00122,C0085,EDUCATION,Family Home Purchase,11626039.99,7703941.91,2045-02-09,LOW
G00123,C0085,HOME_PURCHASE,Long-term Travel,2736636.98,1842238.63,2042-11-10,HIGH
G00124,C0085,EMERGENCY_FUND,Primary Home Purchase,11226362.94,5215973.07,2027-08-14,HIGH
G00125,C0086,EDUCATION,Primary Emergency Fund,4895630.41,427545.33,2032-10-18,LOW
G00126,C0087,EDUCATION,Long-term Education,7047909.21,3787556.11,2038-03-16,MEDIUM
G00127,C0088,HOME_PURCHASE,Primary Travel,1008435.99,540196.5,2044-11-05,MEDIUM
G00128,C0089,EMERGENCY_FUND,Family Emergency Fund,10164163.41,5364747.79,2028-05-16,HIGH
G00129,C0089,EMERGENCY_FUND,Personal Retirement,9865890.39,7822370.83,2042-05-24,LOW
G00130,C0090,EMERGENCY_FUND,Long-term Retirement,2209780.77,239128.33,2046-01-31,LOW
G00131,C0090,WEALTH_CREATION,Primary Retirement,5452329.96,223395.02,2037-05-14,LOW
G00132,C0091,WEALTH_CREATION,Personal Education,1031268.19,855989.03,2044-08-09,HIGH
G00133,C0092,RETIREMENT,Primary Emergency Fund,4472324.05,1591937.76,2027-11-30,LOW
G00134,C0093,EMERGENCY_FUND,Family Home Purchase,881538.84,394267.97,2037-11-13,MEDIUM
G00135,C0093,TRAVEL,Personal Education,9602162.77,1935329.07,2028-11-30,HIGH
G00136,C0093,EMERGENCY_FUND,Primary Home Purchase,5108016.6,1481508.85,2027-12-07,HIGH
G00137,C0094,TRAVEL,Family Retirement,6707933.12,1832783.46,2039-10-22,LOW
G00138,C0094,TRAVEL,Long-term Home Purchase,4804667.55,3895678.38,2027-10-03,HIGH
G00139,C0095,WEALTH_CREATION,Family Education,3797457.29,1225047.76,2030-06-16,HIGH
G00140,C0096,RETIREMENT,Family Emergency Fund,10508711.37,2878122.84,2036-06-14,MEDIUM
G00141,C0097,WEALTH_CREATION,Family Education,1895379.26,641628.08,2036-11-12,LOW
G00142,C0097,WEALTH_CREATION,Long-term Emergency Fund,319557.3,108487.89,2033-03-01,MEDIUM
G00143,C0098,HOME_PURCHASE,Personal Wealth Creation,11270568.88,6597504.53,2038-07-30,LOW
G00144,C0099,WEALTH_CREATION,Long-term Retirement,1514015.69,888446.85,2043-12-31,MEDIUM
G00145,C0099,HOME_PURCHASE,Personal Retirement,3932328.2,348586.49,2032-06-18,MEDIUM
G00146,C0099,TRAVEL,Family Education,6315091.1,5277379.12,2033-10-21,HIGH
G00147,C0100,RETIREMENT,Family Home Purchase,2396305.49,626089.89,2043-11-24,MEDIUM
G00148,C0100,WEALTH_CREATION,Primary Education,7993053.36,1127000.24,2041-04-27,LOW
G00149,C0101,RETIREMENT,Family Wealth Creation,3502060.07,2843847.54,2046-11-09,HIGH
G00150,C0102,TRAVEL,Primary Emergency Fund,10891997.84,7103073.52,2027-09-23,MEDIUM
G00151,C0103,TRAVEL,Family Travel,2924248.2,481899.06,2038-03-23,HIGH
G00152,C0104,EDUCATION,Primary Travel,8531223.07,2521139.1,2034-10-27,MEDIUM
G00153,C0105,EDUCATION,Family Retirement,4894323.61,1018859.42,2030-08-15,LOW
G00154,C0106,EMERGENCY_FUND,Primary Home Purchase,4797963.88,489399.26,2033-11-08,LOW
G00155,C0106,EDUCATION,Family Education,1095453.59,448438.8,2033-03-06,LOW
G00156,C0107,WEALTH_CREATION,Long-term Wealth Creation,8466208.14,5449214.26,2033-10-06,MEDIUM
G00157,C0108,RETIREMENT,Family Wealth Creation,2126160.17,1165282.1,2039-03-03,HIGH
G00158,C0108,RETIREMENT,Family Education,7427629.15,5127780.88,2043-03-22,MEDIUM
G00159,C0109,TRAVEL,Primary Education,8596877.16,2238596.52,2046-09-19,MEDIUM
G00160,C0109,EDUCATION,Long-term Education,10275104.77,7686659.53,2046-08-06,MEDIUM
G00161,C0110,RETIREMENT,Personal Retirement,4941708.1,4069895.98,2028-10-03,MEDIUM
G00162,C0111,EDUCATION,Family Travel,7537683.23,4750021.02,2028-09-16,HIGH
G00163,C0111,TRAVEL,Long-term Wealth Creation,2934218.54,415117.09,2033-02-08,LOW
G00164,C0112,TRAVEL,Long-term Retirement,9679759.36,832844.31,2033-05-28,LOW
G00165,C0113,HOME_PURCHASE,Primary Retirement,4162623.2,1257389.22,2030-04-09,MEDIUM
G00166,C0114,TRAVEL,Long-term Wealth Creation,10485057.77,7231321.25,2040-09-04,MEDIUM
G00167,C0115,RETIREMENT,Family Emergency Fund,10602885.67,7551888.46,2044-07-12,LOW
G00168,C0116,TRAVEL,Primary Education,4703733.92,1100768.37,2045-02-06,MEDIUM
G00169,C0116,TRAVEL,Primary Travel,5762790.15,2991243.78,2034-06-02,HIGH
G00170,C0117,RETIREMENT,Long-term Retirement,11397212.6,5554637.78,2033-01-06,MEDIUM
G00171,C0118,HOME_PURCHASE,Long-term Home Purchase,6330794.34,533847.57,2043-05-23,HIGH
G00172,C0119,HOME_PURCHASE,Primary Home Purchase,826710.13,66159.26,2028-09-20,LOW
G00173,C0119,EDUCATION,Family Wealth Creation,3677192.68,2690547.31,2032-05-31,MEDIUM
G00174,C0119,EMERGENCY_FUND,Family Emergency Fund,9787937.41,1592751.05,2031-07-09,LOW
G00175,C0120,EDUCATION,Personal Travel,7986676.85,2171968.44,2028-09-12,LOW
G00176,C0120,EMERGENCY_FUND,Family Education,9940807.67,1238266.69,2034-08-19,HIGH
G00177,C0120,TRAVEL,Personal Education,6429058.05,4843763.96,2034-10-07,LOW
