account_id,instrument_id,quantity,avg_cost,snapshot_date
A00002,I0046,161.16,133.18,2026-09-18
A00002,I0053,177.586,10.41,2026-09-18
A00002,I0071,5,798.52,2026-09-18
A00002,I0029,133.898,138.4,2026-09-18
A00002,I0014,40.614,2396.36,2026-09-18
A00002,I0051,116.571,115.88,2026-09-18
A00002,I0031,51.569,1218.04,2026-09-18
A00002,I0052,132.878,122.49,2026-09-18
A00003,I0008,22.65,182.52,2026-09-18
A00003,I0011,86.28,2789.2,2026-09-18
A00003,I0069,1,1045.45,2026-09-18
A00003,I0068,20,962.96,2026-09-18
A00003,I0072,1,693.71,2026-09-18
A00003,I0042,172.255,263.3,2026-09-18
A00003,I0071,20,1058.87,2026-09-18
A00003,I0053,69.959,13.73,2026-09-18
A00004,I0044,91.743,48.6,2026-09-18
A00004,I0039,99.456,90.08,2026-09-18
A00004,I0028,117.606,493.61,2026-09-18
A00004,I0004,146.428,1046.34,2026-09-18
A00004,I0026,13.718,119.99,2026-09-18
A00005,I0060,63.512,74.21,2026-09-18
A00005,I0031,97.7,1811.15,2026-09-18
A00005,I0038,81.985,206.6,2026-09-18
A00005,I0068,5,925.31,2026-09-18
A00005,I0003,57.199,165.49,2026-09-18
A00006,I0052,15.308,137.64,2026-09-18
A00006,I0036,113.028,527.57,2026-09-18
A00006,I0070,10,745.2,2026-09-18
A00007,I0059,133.342,200.6,2026-09-18
A00007,I0070,5,838.2,2026-09-18
A00007,I0077,162.243,93.72,2026-09-18
A00007,I0034,47.569,108.04,2026-09-18
A00008,I0022,78.255,295.31,2026-09-18
A00008,I0024,28.019,315.89,2026-09-18
A00008,I0065,1,1001.17,2026-09-18
A00008,I0039,5.132,82.2,2026-09-18
A00009,I0011,173.866,2349.43,2026-09-18
A00009,I0062,5,931.45,2026-09-18
A00009,I0059,92.422,212.79,2026-09-18
A00009,I0067,5,825.83,2026-09-18
A00009,I0049,153.782,20.79,2026-09-18
A00009,I0030,144.268,1884.73,2026-09-18
A00009,I0035,171.809,709.58,2026-09-18
A00010,I0078,134.96,134.47,2026-09-18
A00010,I0065,20,1127.54,2026-09-18
A00010,I0018,42.612,1577.52,2026-09-18
A00010,I0024,1.37,252.18,2026-09-18
A00010,I0036,84.044,501.96,2026-09-18
A00010,I0015,149.907,1963.63,2026-09-18
A00010,I0017,38.915,2714.94,2026-09-18
A00010,I0010,79.959,1803.37,2026-09-18
A00010,I0043,163.968,30.79,2026-09-18
A00010,I0056,24.96,133.7,2026-09-18
A00012,I0078,165.761,89.02,2026-09-18
A00012,I0036,133.158,430.8,2026-09-18
A00012,I0034,67.093,131.35,2026-09-18
A00012,I0080,111.134,78.56,2026-09-18
A00012,I0059,151.337,126.49,2026-09-18
A00012,I0013,149.506,2390.32,2026-09-18
A00013,I0039,18.336,95.27,2026-09-18
A00013,I0014,106.408,2339.51,2026-09-18
A00013,I0031,79.67,1437.12,2026-09-18
A00013,I0016,45.694,1550.72,2026-09-18
A00013,I0073,22.805,178.03,2026-09-18
A00013,I0045,81.664,69.07,2026-09-18
A00013,I0025,131.395,635.87,2026-09-18
A00013,I0004,165.172,1349.02,2026-09-18
A00013,I0022,70.374,310.37,2026-09-18
A00014,I0036,58.574,394.77,2026-09-18
A00014,I0055,26.806,78.42,2026-09-18
A00014,I0044,178.471,57.45,2026-09-18
A00014,I0020,75.127,743.06,2026-09-18
A00014,I0049,142.803,26.52,2026-09-18
A00014,I0015,140.798,2024.68,2026-09-18
A00014,I0066,1,886.74,2026-09-18
A00014,I0076,59.948,342.17,2026-09-18
A00014,I0018,151.478,1472.53,2026-09-18
A00016,I0026,110.709,86.82,2026-09-18
A00016,I0075,85.12,226.11,2026-09-18
A00016,I0066,5,1014.93,2026-09-18
A00016,I0049,160.052,22.52,2026-09-18
A00016,I0040,106.155,503.6,2026-09-18
A00016,I0045,45.192,77.94,2026-09-18
A00016,I0020,169.349,662.02,2026-09-18
A00016,I0029,99.947,134.05,2026-09-18
A00017,I0049,55.873,25.56,2026-09-18
A00017,I0008,148.078,139.73,2026-09-18
A00017,I0012,103.06,796.51,2026-09-18
A00017,I0046,130.62,87.21,2026-09-18
A00017,I0059,38.474,205.63,2026-09-18
A00017,I0066,2,776.83,2026-09-18
A00017,I0031,43.548,1337.19,2026-09-18
A00017,I0021,179.326,276.85,2026-09-18
A00017,I0023,160.385,602.64,2026-09-18
A00018,I0020,145.494,611.57,2026-09-18
A00018,I0040,74.698,649.6,2026-09-18
A00018,I0054,171.561,75.68,2026-09-18
A00019,I0005,65.116,465.56,2026-09-18
A00019,I0035,115.356,776.47,2026-09-18
A00019,I0046,82.539,97.82,2026-09-18
A00019,I0063,5,816.88,2026-09-18
A00020,I0029,108.025,173.46,2026-09-18
A00020,I0006,70.93,1696.6,2026-09-18
A00020,I0027,13.023,1348.69,2026-09-18
A00020,I0040,37.017,597.62,2026-09-18
A00020,I0031,16.063,1956.33,2026-09-18
A00020,I0035,140.693,740.12,2026-09-18
A00020,I0049,66.044,18.11,2026-09-18
A00020,I0074,107.122,121.67,2026-09-18
A00020,I0047,85.095,89.35,2026-09-18
A00020,I0043,175.341,43.77,2026-09-18
A00021,I0032,55.132,2251.13,2026-09-18
A00021,I0012,31.11,847.33,2026-09-18
A00021,I0033,138.985,291.79,2026-09-18
A00022,I0023,96.345,451.46,2026-09-18
A00022,I0058,88.968,18.93,2026-09-18
A00022,I0070,10,939.62,2026-09-18
A00022,I0048,82.806,143.47,2026-09-18
A00022,I0019,55.849,2222.95,2026-09-18
A00023,I0021,166.316,213.42,2026-09-18
A00023,I0080,179.753,94.9,2026-09-18
A00023,I0054,91.978,111.79,2026-09-18
A00025,I0058,88.109,14.6,2026-09-18
A00025,I0055,76.282,79.82,2026-09-18
A00025,I0072,1,760.88,2026-09-18
A00025,I0056,144.592,110.79,2026-09-18
A00025,I0077,118.453,113.97,2026-09-18
A00025,I0080,58.061,96.31,2026-09-18
A00025,I0022,115.794,292.26,2026-09-18
A00025,I0023,11.802,711.26,2026-09-18
A00025,I0025,142.255,784.27,2026-09-18
A00026,I0058,47.399,14.32,2026-09-18
A00026,I0051,40.865,162.93,2026-09-18
A00026,I0039,45.678,64.85,2026-09-18
A00026,I0043,49.346,38.75,2026-09-18
A00026,I0076,120.566,448.76,2026-09-18
A00026,I0019,153.378,2023.39,2026-09-18
A00027,I0069,10,781.03,2026-09-18
A00027,I0017,173.658,1729.89,2026-09-18
A00027,I0067,1,1014.7,2026-09-18
A00027,I0029,47.332,149.49,2026-09-18
A00027,I0031,2.294,1292.78,2026-09-18
A00027,I0007,149.498,476.43,2026-09-18
A00028,I0070,2,774.88,2026-09-18
A00028,I0033,161.746,232.65,2026-09-18
A00028,I0025,174.008,948.56,2026-09-18
A00028,I0067,1,783.66,2026-09-18
A00028,I0010,72.15,2051.23,2026-09-18
A00028,I0057,12.201,129.46,2026-09-18
A00028,I0012,166.014,686.84,2026-09-18
A00028,I0006,11.087,1249.91,2026-09-18
A00028,I0046,28.455,104.41,2026-09-18
A00028,I0051,68.943,122.01,2026-09-18
A00030,I0009,88.063,933.39,2026-09-18
A00030,I0078,36.644,105.64,2026-09-18
A00030,I0010,136.243,2245.76,2026-09-18
A00030,I0047,112.725,80.34,2026-09-18
A00030,I0029,134.816,194.17,2026-09-18
A00030,I0057,90.525,137.94,2026-09-18
A00030,I0034,158.716,139.41,2026-09-18
A00030,I0053,131.295,16.62,2026-09-18
A00030,I0040,34.315,577.64,2026-09-18
A00031,I0013,153.085,2078.4,2026-09-18
A00031,I0049,174.787,24.69,2026-09-18
A00031,I0058,82.111,21.85,2026-09-18
A00031,I0004,107.818,884.12,2026-09-18
A00031,I0034,151.706,163.22,2026-09-18
A00031,I0014,70.751,1956.6,2026-09-18
A00031,I0063,50,817.02,2026-09-18
A00032,I0073,149.536,136.9,2026-09-18
A00032,I0060,95.492,82.48,2026-09-18
A00032,I0003,18.344,118.1,2026-09-18
A00032,I0074,14.417,127.74,2026-09-18
A00032,I0068,5,1117.46,2026-09-18
A00032,I0001,19.271,739.91,2026-09-18
A00032,I0013,149.119,2705.44,2026-09-18
A00032,I0042,99.282,210.98,2026-09-18
A00033,I0058,149.103,21.04,2026-09-18
A00033,I0056,144.198,103.19,2026-09-18
A00033,I0023,30.309,609.54,2026-09-18
A00033,I0005,168.948,659.13,2026-09-18
A00033,I0027,118.156,1588.67,2026-09-18
A00033,I0040,94.848,546.95,2026-09-18
A00033,I0080,86.285,83.89,2026-09-18
A00034,I0031,148.71,1372.1,2026-09-18
A00034,I0074,72.159,141.11,2026-09-18
A00034,I0009,137.6,684.47,2026-09-18
A00034,I0002,73.698,2469.44,2026-09-18
A00034,I0057,119.431,160.13,2026-09-18
A00034,I0014,139.86,2753.29,2026-09-18
A00034,I0045,86.954,57.53,2026-09-18
A00034,I0027,174.212,1184.27,2026-09-18
A00034,I0016,26.001,1720.73,2026-09-18
A00034,I0023,105.919,641.92,2026-09-18
A00035,I0020,118.697,695.43,2026-09-18
A00035,I0003,55.899,123.5,2026-09-18
A00035,I0049,141.122,26.64,2026-09-18
A00035,I0019,166.282,2551.4,2026-09-18
A00036,I0023,76.78,721.45,2026-09-18
A00036,I0036,172.949,393.78,2026-09-18
A00036,I0071,10,827.54,2026-09-18
A00036,I0016,55.578,1340.65,2026-09-18
A00036,I0069,20,1098.31,2026-09-18
A00037,I0058,164.37,14.39,2026-09-18
A00037,I0038,163.905,139.01,2026-09-18
A00037,I0011,60.904,1854.68,2026-09-18
A00037,I0054,19.624,78.42,2026-09-18
A00037,I0010,133.287,1451.97,2026-09-18
A00038,I0054,174.848,67.89,2026-09-18
A00038,I0047,95.469,58.17,2026-09-18
A00038,I0012,21.538,795.65,2026-09-18
A00038,I0049,62.413,22.21,2026-09-18
A00038,I0025,123.949,880.7,2026-09-18
A00039,I0004,7.13,1309.26,2026-09-18
A00039,I0030,46.852,1974.45,2026-09-18
A00039,I0026,119.078,127.43,2026-09-18
A00039,I0060,113.727,74.77,2026-09-18
A00039,I0065,50,1242.88,2026-09-18
A00040,I0044,31.768,47.27,2026-09-18
A00040,I0079,119.564,106.02,2026-09-18
A00040,I0049,20.519,23.27,2026-09-18
A00040,I0002,19.658,2712.61,2026-09-18
A00040,I0025,84.519,564.26,2026-09-18
A00041,I0049,144.464,27.14,2026-09-18
A00041,I0072,1,1091.42,2026-09-18
A00041,I0047,45.977,89.05,2026-09-18
A00041,I0017,138.851,1987.17,2026-09-18
A00041,I0008,150.67,165.59,2026-09-18
A00041,I0054,150.495,102.91,2026-09-18
A00041,I0069,20,1005.88,2026-09-18
A00042,I0012,47.136,996.71,2026-09-18
A00042,I0013,141.703,2233.19,2026-09-18
A00042,I0027,84.675,1429.41,2026-09-18
A00042,I0065,10,1013.69,2026-09-18
A00042,I0080,122.757,79.19,2026-09-18
A00042,I0015,91.609,1992.9,2026-09-18
A00043,I0014,71.11,2676.37,2026-09-18
A00043,I0057,161.739,140.67,2026-09-18
A00043,I0017,85.866,2305.95,2026-09-18
A00043,I0029,173.172,141.83,2026-09-18
A00043,I0069,5,1092.77,2026-09-18
A00043,I0022,49.189,212.42,2026-09-18
A00043,I0019,40.909,1615.38,2026-09-18
A00045,I0002,75.415,2846.42,2026-09-18
A00045,I0022,63.755,303.57,2026-09-18
A00045,I0056,14.836,116.76,2026-09-18
A00045,I0058,161.939,18.18,2026-09-18
A00045,I0043,143.993,35.15,2026-09-18
A00045,I0055,44.767,48.09,2026-09-18
A00046,I0079,137.707,79.64,2026-09-18
A00046,I0002,115.213,2110.76,2026-09-18
A00046,I0031,175.317,1315.27,2026-09-18
A00047,I0066,20,1296.32,2026-09-18
A00047,I0013,67.65,2138.98,2026-09-18
A00047,I0080,75.418,102.9,2026-09-18
A00047,I0017,14.138,2401.72,2026-09-18
A00047,I0061,20,1083.88,2026-09-18
A00047,I0025,14.705,958.74,2026-09-18
A00048,I0029,128.271,174.52,2026-09-18
A00048,I0014,161.666,2219.94,2026-09-18
A00048,I0060,15.61,101.44,2026-09-18
A00049,I0014,34.398,2902.12,2026-09-18
A00049,I0072,10,940.52,2026-09-18
A00049,I0020,144.786,815.81,2026-09-18
A00049,I0025,76.308,940.5,2026-09-18
A00049,I0003,105.293,130.11,2026-09-18
A00049,I0074,124.423,125.77,2026-09-18
A00049,I0023,58.481,452.6,2026-09-18
A00049,I0041,18.621,600.03,2026-09-18
A00049,I0039,87.84,59.83,2026-09-18
A00049,I0049,18.512,27.24,2026-09-18
A00050,I0024,118.885,186.21,2026-09-18
A00050,I0033,75.659,208.39,2026-09-18
A00050,I0028,94.567,550.47,2026-09-18
A00050,I0051,69.897,126.62,2026-09-18
A00050,I0061,50,1202.02,2026-09-18
A00050,I0004,18.338,907.53,2026-09-18
A00050,I0035,177.848,626.71,2026-09-18
A00051,I0040,108.721,632.44,2026-09-18
A00051,I0016,103.731,1633.33,2026-09-18
A00051,I0080,148.162,76.32,2026-09-18
A00051,I0076,126.338,498.45,2026-09-18
A00051,I0013,132.82,2067.08,2026-09-18
A00051,I0012,108.612,1103.64,2026-09-18
A00051,I0030,130.008,1567.91,2026-09-18
A00052,I0039,82.995,70.78,2026-09-18
A00052,I0026,93.635,82.59,2026-09-18
A00052,I0006,16.239,1222.68,2026-09-18
A00053,I0023,25.345,767.18,2026-09-18
A00053,I0011,50.604,2511.51,2026-09-18
A00053,I0025,149.972,604.25,2026-09-18
A00053,I0076,14.249,505.45,2026-09-18
A00053,I0041,107.788,537.39,2026-09-18
A00053,I0005,78.27,519.53,2026-09-18
A00053,I0037,164.672,199.92,2026-09-18
A00053,I0020,36.03,748.34,2026-09-18
A00055,I0022,105.793,275.42,2026-09-18
A00055,I0014,62.915,2249.44,2026-09-18
A00055,I0020,179.868,818.51,2026-09-18
A00055,I0016,100.484,1289.89,2026-09-18
A00055,I0002,126.928,1891.28,2026-09-18
A00055,I0004,118.596,887.99,2026-09-18
A00057,I0017,60.525,2389.87,2026-09-18
A00057,I0069,10,768.57,2026-09-18
A00057,I0056,55.937,118.21,2026-09-18
A00057,I0079,82.236,118.03,2026-09-18
A00058,I0023,73.238,548.79,2026-09-18
A00058,I0038,168.107,165.58,2026-09-18
A00058,I0063,10,959.7,2026-09-18
A00059,I0025,118.006,644.05,2026-09-18
A00059,I0045,70.07,68.48,2026-09-18
A00059,I0079,8.525,126.05,2026-09-18
A00059,I0061,10,1306.77,2026-09-18
A00059,I0057,161.894,203.37,2026-09-18
A00059,I0032,27.152,2443.33,2026-09-18
A00060,I0012,57.95,754.32,2026-09-18
A00060,I0041,90.614,444.17,2026-09-18
A00060,I0044,18.056,49.06,2026-09-18
A00060,I0064,5,1007.57,2026-09-18
A00060,I0003,81.559,160.08,2026-09-18
A00061,I0067,20,1047.45,2026-09-18
A00061,I0003,176.483,145.95,2026-09-18
A00061,I0040,122.163,455.02,2026-09-18
A00061,I0017,15.008,2185.56,2026-09-18
A00062,I0055,152.338,70.55,2026-09-18
A00062,I0056,97.851,102.62,2026-09-18
A00062,I0026,116.095,79.19,2026-09-18
A00062,I0029,144.142,219.46,2026-09-18
A00062,I0072,50,913.23,2026-09-18
A00062,I0003,4.275,144.44,2026-09-18
A00062,I0015,74.998,2257.33,2026-09-18
A00062,I0047,141.421,61.92,2026-09-18
A00062,I0054,65.647,98.07,2026-09-18
A00064,I0076,80.383,467.73,2026-09-18
A00064,I0031,130.375,1762.96,2026-09-18
A00064,I0080,49.58,98.33,2026-09-18
A00064,I0055,124.392,49.86,2026-09-18
A00064,I0008,121.016,123.9,2026-09-18
A00064,I0058,162.577,19.72,2026-09-18
A00064,I0002,61.143,2466.19,2026-09-18
A00065,I0006,83.094,1466.9,2026-09-18
A00065,I0055,58.492,59.59,2026-09-18
A00065,I0057,4.282,142.76,2026-09-18
A00065,I0001,135.035,830.34,2026-09-18
A00065,I0069,5,1013.0,2026-09-18
A00065,I0058,174.516,22.14,2026-09-18
A00065,I0077,14.666,79.8,2026-09-18
A00066,I0077,161.613,77.88,2026-09-18
A00066,I0052,105.609,128.16,2026-09-18
A00066,I0059,47.805,207.98,2026-09-18
A00066,I0066,50,1125.62,2026-09-18
A00066,I0012,155.345,718.19,2026-09-18
A00066,I0079,141.42,124.89,2026-09-18
A00066,I0055,5.192,60.99,2026-09-18
A00066,I0074,29.843,97.65,2026-09-18
A00066,I0053,59.003,16.85,2026-09-18
A00067,I0067,5,964.8,2026-09-18
A00067,I0064,20,945.86,2026-09-18
A00067,I0005,93.267,563.71,2026-09-18
A00067,I0055,153.687,73.61,2026-09-18
A00067,I0037,82.419,250.4,2026-09-18
A00067,I0014,63.537,2046.85,2026-09-18
A00067,I0017,19.596,1646.41,2026-09-18
A00067,I0049,148.955,23.64,2026-09-18
A00067,I0066,2,796.37,2026-09-18
A00067,I0008,95.84,122.52,2026-09-18
A00068,I0052,5.38,122.13,2026-09-18
A00068,I0074,113.393,103.67,2026-09-18
A00068,I0008,70.762,189.86,2026-09-18
A00069,I0057,92.765,204.19,2026-09-18
A00069,I0004,167.475,1307.83,2026-09-18
A00069,I0027,21.179,1196.3,2026-09-18
A00069,I0058,69.852,15.52,2026-09-18
A00069,I0041,126.225,353.8,2026-09-18
A00070,I0031,140.451,1574.61,2026-09-18
A00070,I0048,178.834,186.4,2026-09-18
A00070,I0024,62.84,226.66,2026-09-18
A00070,I0006,133.593,1576.6,2026-09-18
A00071,I0023,4.638,653.55,2026-09-18
A00071,I0068,2,1047.18,2026-09-18
A00071,I0013,132.135,1876.45,2026-09-18
A00072,I0066,2,1034.55,2026-09-18
A00072,I0077,49.137,119.61,2026-09-18
A00072,I0070,50,636.59,2026-09-18
A00072,I0054,109.401,107.21,2026-09-18
A00072,I0037,104.068,215.4,2026-09-18
A00073,I0023,15.839,747.74,2026-09-18
A00073,I0004,94.928,827.13,2026-09-18
A00073,I0060,8.184,75.27,2026-09-18
A00073,I0049,30.206,23.47,2026-09-18
A00073,I0030,111.066,1968.66,2026-09-18
A00073,I0066,5,1110.5,2026-09-18
A00073,I0068,5,977.73,2026-09-18
A00074,I0041,8.282,428.89,2026-09-18
A00074,I0053,77.417,11.13,2026-09-18
A00074,I0025,13.872,739.45,2026-09-18
A00074,I0050,78.084,97.58,2026-09-18
A00074,I0056,160.256,111.95,2026-09-18
A00074,I0059,129.757,152.69,2026-09-18
A00075,I0036,86.195,550.27,2026-09-18
A00075,I0008,122.731,166.14,2026-09-18
A00075,I0021,136.779,233.71,2026-09-18
A00075,I0027,104.077,1456.16,2026-09-18
A00075,I0065,1,1161.78,2026-09-18
A00075,I0077,18.515,73.57,2026-09-18
A00076,I0043,7.694,40.98,2026-09-18
A00076,I0054,126.233,87.24,2026-09-18
A00076,I0063,10,737.6,2026-09-18
A00076,I0014,110.646,2728.66,2026-09-18
A00076,I0027,102.69,1666.15,2026-09-18
A00076,I0013,119.645,1883.91,2026-09-18
A00076,I0042,136.349,255.63,2026-09-18
A00076,I0020,96.674,943.89,2026-09-18
A00076,I0001,111.591,820.65,2026-09-18
A00077,I0028,177.51,533.79,2026-09-18
A00077,I0051,116.617,102.12,2026-09-18
A00077,I0041,145.446,519.32,2026-09-18
A00077,I0039,163.505,56.24,2026-09-18
A00077,I0049,76.53,29.12,2026-09-18
A00077,I0020,126.649,928.71,2026-09-18
A00077,I0061,20,1111.27,2026-09-18
A00078,I0029,179.826,222.94,2026-09-18
A00078,I0018,177.738,1281.96,2026-09-18
A00078,I0073,111.227,165.28,2026-09-18
A00079,I0044,148.218,42.84,2026-09-18
A00079,I0064,5,837.5,2026-09-18
A00079,I0033,143.596,339.01,2026-09-18
A00079,I0055,153.71,59.15,2026-09-18
A00079,I0045,6.94,68.83,2026-09-18
A00079,I0058,60.771,22.25,2026-09-18
A00079,I0019,160.647,2013.73,2026-09-18
A00079,I0014,83.378,2255.41,2026-09-18
A00079,I0002,111.657,1855.49,2026-09-18
A00079,I0029,78.124,225.96,2026-09-18
A00080,I0064,1,1155.26,2026-09-18
A00080,I0003,71.069,118.46,2026-09-18
A00080,I0074,100.449,94.1,2026-09-18
A00080,I0065,10,946.78,2026-09-18
A00081,I0017,65.981,2089.84,2026-09-18
A00081,I0049,171.446,26.42,2026-09-18
A00081,I0065,2,1195.29,2026-09-18
A00081,I0077,20.152,84.55,2026-09-18
A00081,I0057,81.127,190.1,2026-09-18
A00081,I0071,50,882.61,2026-09-18
A00081,I0048,17.29,199.31,2026-09-18
A00081,I0016,53.61,1161.89,2026-09-18
A00081,I0035,30.401,794.58,2026-09-18
A00082,I0052,21.345,202.29,2026-09-18
A00082,I0046,76.197,95.32,2026-09-18
A00082,I0056,34.334,121.33,2026-09-18
A00082,I0022,22.695,268.0,2026-09-18
A00082,I0072,10,948.62,2026-09-18
A00082,I0037,121.525,213.38,2026-09-18
A00082,I0059,172.842,190.97,2026-09-18
A00083,I0062,10,755.97,2026-09-18
A00083,I0035,130.261,553.0,2026-09-18
A00083,I0001,130.482,1170.53,2026-09-18
A00083,I0068,50,1005.82,2026-09-18
A00083,I0039,166.862,61.93,2026-09-18
A00084,I0009,63.338,1032.65,2026-09-18
A00084,I0054,106.59,83.18,2026-09-18
A00084,I0067,1,940.65,2026-09-18
A00085,I0004,144.335,1286.18,2026-09-18
A00085,I0042,38.127,221.21,2026-09-18
A00085,I0027,29.618,1498.0,2026-09-18
A00085,I0025,65.182,875.23,2026-09-18
A00085,I0056,52.647,96.28,2026-09-18
A00085,I0010,177.182,2067.53,2026-09-18
A00086,I0047,53.407,63.65,2026-09-18
A00086,I0057,25.323,129.82,2026-09-18
A00086,I0049,55.401,24.09,2026-09-18
A00086,I0040,19.442,628.76,2026-09-18
A00086,I0012,129.227,1083.04,2026-09-18
A00086,I0013,63.941,1655.15,2026-09-18
A00086,I0070,2,974.35,2026-09-18
A00087,I0058,141.455,23.61,2026-09-18
A00087,I0054,167.275,95.02,2026-09-18
A00087,I0026,77.474,81.02,2026-09-18
A00087,I0011,15.282,1885.63,2026-09-18
A00088,I0053,107.845,14.2,2026-09-18
A00088,I0034,101.751,154.43,2026-09-18
A00088,I0059,91.492,124.16,2026-09-18
A00088,I0075,55.389,199.73,2026-09-18
A00088,I0018,140.871,1284.92,2026-09-18
A00088,I0006,71.223,1698.02,2026-09-18
A00088,I0010,103.049,1339.78,2026-09-18
A00089,I0061,2,977.36,2026-09-18
A00089,I0060,10.523,85.44,2026-09-18
A00089,I0028,123.082,543.3,2026-09-18
A00089,I0017,150.149,2510.81,2026-09-18
A00089,I0036,142.22,549.62,2026-09-18
A00089,I0041,33.701,420.26,2026-09-18
A00089,I0072,2,957.04,2026-09-18
A00090,I0045,150.107,56.41,2026-09-18
A00090,I0024,80.982,236.77,2026-09-18
A00090,I0019,26.532,2699.54,2026-09-18
A00090,I0042,150.754,261.9,2026-09-18
A00090,I0016,37.726,1414.21,2026-09-18
A00090,I0004,134.733,1110.48,2026-09-18
A00090,I0030,73.56,1336.64,2026-09-18
A00090,I0036,76.964,409.9,2026-09-18
A00090,I0063,20,986.92,2026-09-18
A00090,I0034,41.96,104.82,2026-09-18
A00091,I0062,5,687.84,2026-09-18
A00091,I0038,128.898,151.08,2026-09-18
A00091,I0039,17.173,62.68,2026-09-18
A00091,I0011,89.966,2221.42,2026-09-18
A00091,I0069,2,755.19,2026-09-18
A00091,I0068,2,964.24,2026-09-18
A00093,I0018,33.457,1615.89,2026-09-18
A00093,I0053,74.49,15.65,2026-09-18
A00093,I0048,30.311,142.34,2026-09-18
A00093,I0058,50.655,21.23,2026-09-18
A00093,I0027,171.249,1350.27,2026-09-18
A00093,I0042,78.711,243.27,2026-09-18
A00094,I0058,124.954,21.69,2026-09-18
A00094,I0029,174.227,185.74,2026-09-18
A00094,I0053,110.462,16.67,2026-09-18
A00094,I0048,24.768,208.89,2026-09-18
A00094,I0006,134.387,1374.94,2026-09-18
A00094,I0031,172.345,1938.04,2026-09-18
A00094,I0052,79.625,151.92,2026-09-18
A00094,I0077,124.616,74.95,2026-09-18
A00094,I0078,175.881,125.62,2026-09-18
A00095,I0011,171.617,2435.61,2026-09-18
A00095,I0043,94.53,37.95,2026-09-18
A00095,I0069,20,847.71,2026-09-18
A00095,I0013,101.413,1888.5,2026-09-18
A00096,I0007,90.568,411.13,2026-09-18
A00096,I0040,64.37,585.92,2026-09-18
A00096,I0051,49.594,156.42,2026-09-18
A00096,I0027,145.624,1131.62,2026-09-18
A00096,I0023,52.243,747.85,2026-09-18
A00096,I0047,108.198,58.56,2026-09-18
A00096,I0079,72.406,91.24,2026-09-18
A00097,I0043,7.786,26.57,2026-09-18
A00097,I0012,58.156,676.37,2026-09-18
A00097,I0034,95.218,122.37,2026-09-18
A00097,I0056,85.255,132.0,2026-09-18
A00097,I0006,13.134,1068.64,2026-09-18
A00097,I0079,126.173,83.15,2026-09-18
A00098,I0016,74.815,1793.81,2026-09-18
A00098,I0043,162.757,34.7,2026-09-18
A00098,I0030,95.421,1611.13,2026-09-18
A00098,I0036,159.816,426.62,2026-09-18
A00098,I0002,77.617,2757.36,2026-09-18
A00098,I0019,89.802,1723.13,2026-09-18
A00099,I0052,101.57,123.02,2026-09-18
A00099,I0069,10,881.5,2026-09-18
A00099,I0080,155.738,79.24,2026-09-18
A00099,I0071,1,687.34,2026-09-18
A00099,I0048,141.393,148.29,2026-09-18
A00100,I0074,39.881,132.71,2026-09-18
A00100,I0078,105.018,125.05,2026-09-18
A00100,I0070,10,977.33,2026-09-18
A00100,I0028,48.363,460.43,2026-09-18
A00100,I0027,169.834,1537.3,2026-09-18
A00100,I0013,128.0,2274.35,2026-09-18
A00100,I0042,112.032,213.61,2026-09-18
A00102,I0003,109.148,126.27,2026-09-18
A00102,I0057,23.57,162.82,2026-09-18
A00102,I0071,2,805.87,2026-09-18
A00102,I0008,150.742,141.03,2026-09-18
A00102,I0028,154.583,444.27,2026-09-18
A00103,I0029,175.922,196.29,2026-09-18
A00103,I0061,5,838.11,2026-09-18
A00103,I0030,29.572,1474.01,2026-09-18
A00103,I0004,25.91,1266.86,2026-09-18
A00103,I0007,86.345,519.01,2026-09-18
A00103,I0018,135.147,1111.5,2026-09-18
A00104,I0076,167.373,499.58,2026-09-18
A00104,I0064,1,1183.9,2026-09-18
A00104,I0067,10,874.93,2026-09-18
A00104,I0024,46.014,187.19,2026-09-18
A00104,I0036,146.707,558.12,2026-09-18
A00104,I0080,101.099,102.76,2026-09-18
A00105,I0049,157.425,28.49,2026-09-18
A00105,I0039,2.108,66.26,2026-09-18
A00105,I0014,86.396,2651.38,2026-09-18
A00105,I0026,113.023,122.44,2026-09-18
A00105,I0005,19.604,578.67,2026-09-18
A00105,I0060,115.975,86.74,2026-09-18
A00105,I0056,105.272,115.56,2026-09-18
A00105,I0043,101.422,38.02,2026-09-18
A00105,I0054,74.283,67.9,2026-09-18
A00106,I0022,69.476,267.99,2026-09-18
A00106,I0075,159.719,207.81,2026-09-18
A00106,I0079,17.499,120.79,2026-09-18
A00106,I0061,2,1116.53,2026-09-18
A00106,I0008,138.163,113.8,2026-09-18
A00106,I0074,9.816,133.19,2026-09-18
A00106,I0020,173.476,771.86,2026-09-18
A00107,I0016,143.698,1804.26,2026-09-18
A00107,I0022,18.86,308.17,2026-09-18
A00107,I0036,150.555,373.6,2026-09-18
A00107,I0029,83.67,166.42,2026-09-18
A00108,I0047,145.504,92.1,2026-09-18
A00108,I0008,42.747,193.14,2026-09-18
A00108,I0002,15.055,2360.26,2026-09-18
A00108,I0023,142.251,647.95,2026-09-18
A00109,I0015,178.271,2216.11,2026-09-18
A00109,I0062,5,953.29,2026-09-18
A00109,I0067,20,798.75,2026-09-18
A00110,I0024,72.995,283.94,2026-09-18
A00110,I0005,4.077,654.16,2026-09-18
A00110,I0056,172.292,117.34,2026-09-18
A00110,I0080,137.852,121.41,2026-09-18
A00110,I0055,27.13,61.1,2026-09-18
A00110,I0053,58.107,13.19,2026-09-18
A00110,I0020,144.404,643.53,2026-09-18
A00110,I0068,20,1065.4,2026-09-18
A00111,I0025,10.312,862.29,2026-09-18
A00111,I0034,114.416,133.68,2026-09-18
A00111,I0051,35.978,119.61,2026-09-18
A00111,I0040,61.712,550.48,2026-09-18
A00111,I0031,81.273,1836.18,2026-09-18
A00111,I0047,37.665,67.81,2026-09-18
A00112,I0013,56.245,2176.93,2026-09-18
A00112,I0022,62.331,311.66,2026-09-18
A00112,I0054,45.169,109.21,2026-09-18
A00112,I0009,85.208,946.29,2026-09-18
A00112,I0051,170.512,123.09,2026-09-18
A00112,I0035,13.964,520.38,2026-09-18
A00112,I0053,86.025,11.44,2026-09-18
A00112,I0012,162.023,664.01,2026-09-18
A00113,I0019,74.428,1691.18,2026-09-18
A00113,I0073,41.668,128.08,2026-09-18
A00113,I0064,1,1211.47,2026-09-18
A00113,I0015,67.556,2603.81,2026-09-18
A00113,I0021,7.91,280.66,2026-09-18
A00113,I0006,172.522,1663.92,2026-09-18
A00113,I0022,21.56,251.9,2026-09-18
A00114,I0012,179.84,709.58,2026-09-18
A00114,I0053,24.834,10.96,2026-09-18
A00114,I0028,22.017,596.69,2026-09-18
A00114,I0078,93.687,97.02,2026-09-18
A00114,I0079,18.309,128.36,2026-09-18
A00114,I0039,137.111,66.64,2026-09-18
A00114,I0050,43.285,96.51,2026-09-18
A00115,I0037,24.61,295.63,2026-09-18
A00115,I0055,48.942,58.74,2026-09-18
A00115,I0004,55.142,920.88,2026-09-18
A00116,I0071,10,935.92,2026-09-18
A00116,I0018,67.687,1344.95,2026-09-18
A00116,I0066,1,849.74,2026-09-18
A00116,I0069,20,764.71,2026-09-18
A00116,I0049,36.289,28.71,2026-09-18
A00117,I0067,1,1036.28,2026-09-18
A00117,I0073,73.851,129.8,2026-09-18
A00117,I0019,178.584,2768.14,2026-09-18
A00118,I0072,50,1010.03,2026-09-18
A00118,I0074,127.659,105.29,2026-09-18
A00118,I0049,96.988,22.36,2026-09-18
A00119,I0080,68.28,87.19,2026-09-18
A00119,I0043,132.134,38.66,2026-09-18
A00119,I0015,137.422,2879.52,2026-09-18
A00119,I0001,130.306,1210.2,2026-09-18
A00119,I0059,126.274,189.58,2026-09-18
A00119,I0009,54.956,1007.85,2026-09-18
A00119,I0023,74.396,557.98,2026-09-18
A00119,I0037,155.631,202.65,2026-09-18
A00119,I0020,165.696,858.25,2026-09-18
A00119,I0018,40.445,1321.31,2026-09-18
A00120,I0060,134.838,77.01,2026-09-18
A00120,I0054,43.928,100.65,2026-09-18
A00120,I0007,2.737,546.95,2026-09-18
A00121,I0060,40.495,82.69,2026-09-18
A00121,I0059,130.799,170.94,2026-09-18
A00121,I0006,20.286,1753.45,2026-09-18
A00121,I0018,40.093,1621.13,2026-09-18
A00122,I0069,50,889.21,2026-09-18
A00122,I0026,99.379,78.25,2026-09-18
A00122,I0033,174.656,283.93,2026-09-18
A00122,I0067,50,939.37,2026-09-18
A00122,I0013,94.332,1821.29,2026-09-18
A00122,I0073,72.992,143.05,2026-09-18
A00122,I0032,47.913,2428.23,2026-09-18
A00123,I0062,1,1181.09,2026-09-18
A00123,I0063,20,1119.13,2026-09-18
A00123,I0042,1.338,236.45,2026-09-18
A00124,I0077,166.015,104.29,2026-09-18
A00124,I0060,30.249,116.96,2026-09-18
A00124,I0074,40.456,98.42,2026-09-18
A00124,I0065,10,755.9,2026-09-18
A00125,I0011,23.837,2324.93,2026-09-18
A00125,I0037,78.169,298.68,2026-09-18
A00125,I0015,16.418,2326.94,2026-09-18
A00125,I0079,128.852,106.48,2026-09-18
A00126,I0024,116.94,272.76,2026-09-18
A00126,I0034,164.831,139.92,2026-09-18
A00126,I0026,131.848,83.82,2026-09-18
A00126,I0006,68.774,1491.46,2026-09-18
A00126,I0073,177.461,178.35,2026-09-18
A00126,I0039,12.478,75.41,2026-09-18
A00126,I0018,85.544,1274.49,2026-09-18
A00126,I0075,129.279,243.26,2026-09-18
A00126,I0005,117.183,650.37,2026-09-18
A00126,I0032,78.677,2286.83,2026-09-18
A00127,I0079,118.451,96.9,2026-09-18
A00127,I0062,20,779.79,2026-09-18
A00127,I0006,23.613,1597.9,2026-09-18
A00127,I0044,127.042,47.14,2026-09-18
A00127,I0051,163.919,161.79,2026-09-18
A00127,I0058,101.057,14.29,2026-09-18
A00128,I0030,99.564,1662.32,2026-09-18
A00128,I0047,64.364,91.29,2026-09-18
A00128,I0060,86.964,81.18,2026-09-18
A00128,I0015,78.486,1766.9,2026-09-18
A00128,I0051,2.577,126.91,2026-09-18
A00128,I0069,1,904.56,2026-09-18
A00128,I0037,127.266,258.26,2026-09-18
A00128,I0017,69.933,2707.18,2026-09-18
A00128,I0044,104.968,40.0,2026-09-18
A00129,I0025,94.798,761.84,2026-09-18
A00129,I0074,70.614,87.61,2026-09-18
A00129,I0005,150.741,653.48,2026-09-18
A00129,I0075,48.164,256.86,2026-09-18
A00130,I0079,98.86,111.89,2026-09-18
A00130,I0048,97.727,123.67,2026-09-18
A00130,I0004,64.798,920.39,2026-09-18
A00130,I0037,69.405,264.09,2026-09-18
A00130,I0078,107.694,92.85,2026-09-18
A00131,I0074,42.698,100.75,2026-09-18
A00131,I0046,53.564,131.01,2026-09-18
A00131,I0073,92.563,123.08,2026-09-18
A00132,I0017,65.439,2322.48,2026-09-18
A00132,I0018,160.667,1065.5,2026-09-18
A00132,I0052,85.658,179.1,2026-09-18
A00132,I0074,24.212,109.07,2026-09-18
A00132,I0040,97.964,646.12,2026-09-18
A00132,I0007,23.285,588.15,2026-09-18
A00132,I0012,78.865,1077.83,2026-09-18
A00133,I0001,162.611,959.41,2026-09-18
A00133,I0003,140.815,112.34,2026-09-18
A00133,I0051,128.531,143.45,2026-09-18
A00133,I0015,129.384,2553.99,2026-09-18
A00133,I0034,162.339,105.51,2026-09-18
A00133,I0052,156.447,135.68,2026-09-18
A00133,I0020,71.332,912.48,2026-09-18
A00133,I0073,40.819,128.4,2026-09-18
A00133,I0066,2,1144.74,2026-09-18
A00134,I0069,5,1013.51,2026-09-18
A00134,I0048,145.216,167.5,2026-09-18
A00134,I0042,122.781,221.73,2026-09-18
A00134,I0039,169.864,71.28,2026-09-18
A00134,I0080,144.736,120.35,2026-09-18
A00134,I0073,175.502,192.06,2026-09-18
A00134,I0022,152.587,298.85,2026-09-18
A00134,I0035,110.728,480.66,2026-09-18
A00134,I0044,158.52,51.85,2026-09-18
A00135,I0023,80.985,616.44,2026-09-18
A00135,I0028,130.918,488.11,2026-09-18
A00135,I0078,37.874,86.98,2026-09-18
A00135,I0075,90.831,168.07,2026-09-18
A00135,I0036,7.678,344.97,2026-09-18
A00136,I0039,135.672,88.83,2026-09-18
A00136,I0064,2,1038.36,2026-09-18
A00136,I0074,22.194,116.78,2026-09-18
A00137,I0065,50,1145.26,2026-09-18
A00137,I0021,82.779,269.8,2026-09-18
A00137,I0049,75.722,28.41,2026-09-18
A00137,I0041,173.902,365.71,2026-09-18
A00137,I0075,93.076,266.98,2026-09-18
A00137,I0008,172.998,147.63,2026-09-18
A00137,I0018,134.338,1141.83,2026-09-18
A00137,I0061,5,1334.28,2026-09-18
A00137,I0016,64.078,1680.86,2026-09-18
A00138,I0015,55.04,2721.17,2026-09-18
A00138,I0023,112.538,751.08,2026-09-18
A00138,I0030,6.945,1657.98,2026-09-18
A00139,I0052,59.205,187.26,2026-09-18
A00139,I0046,109.721,108.06,2026-09-18
A00139,I0075,124.433,233.64,2026-09-18
A00139,I0060,57.598,103.25,2026-09-18
A00139,I0002,11.878,1839.16,2026-09-18
A00139,I0001,29.812,1050.78,2026-09-18
A00139,I0080,98.942,80.64,2026-09-18
A00139,I0055,61.423,75.81,2026-09-18
A00139,I0031,92.538,1641.4,2026-09-18
A00140,I0005,99.315,500.54,2026-09-18
A00140,I0013,143.861,2514.63,2026-09-18
A00140,I0014,132.459,1915.66,2026-09-18
A00140,I0031,124.451,1273.29,2026-09-18
A00140,I0025,24.58,593.63,2026-09-18
A00140,I0033,151.511,345.92,2026-09-18
A00140,I0049,91.387,26.14,2026-09-18
A00140,I0065,2,980.14,2026-09-18
A00140,I0061,20,1383.87,2026-09-18
A00140,I0010,178.575,1934.17,2026-09-18
A00141,I0028,141.346,421.97,2026-09-18
A00141,I0038,116.226,189.52,2026-09-18
A00141,I0021,56.944,256.49,2026-09-18
A00141,I0031,2.519,1854.36,2026-09-18
A00141,I0065,2,1152.9,2026-09-18
A00141,I0044,98.658,49.56,2026-09-18
A00141,I0008,143.636,161.8,2026-09-18
A00141,I0073,10.998,193.12,2026-09-18
A00141,I0017,63.695,2393.87,2026-09-18
A00142,I0066,10,880.52,2026-09-18
A00142,I0016,31.914,1169.3,2026-09-18
A00142,I0070,1,691.62,2026-09-18
A00142,I0071,2,904.9,2026-09-18
A00142,I0015,65.906,2671.8,2026-09-18
A00142,I0030,72.876,1553.52,2026-09-18
A00142,I0040,21.94,598.22,2026-09-18
A00142,I0080,8.498,94.2,2026-09-18
A00142,I0033,49.071,295.5,2026-09-18
A00142,I0063,5,936.37,2026-09-18
A00143,I0010,98.916,1951.3,2026-09-18
A00143,I0006,126.853,1113.97,2026-09-18
A00143,I0053,150.305,15.49,2026-09-18
A00143,I0065,10,868.23,2026-09-18
A00144,I0069,20,736.53,2026-09-18
A00144,I0044,112.85,42.45,2026-09-18
A00144,I0027,160.353,1278.64,2026-09-18
A00144,I0074,22.395,89.27,2026-09-18
A00144,I0003,30.662,128.55,2026-09-18
A00144,I0002,18.449,2354.54,2026-09-18
A00144,I0079,35.472,84.11,2026-09-18
A00144,I0032,5.625,2577.19,2026-09-18
A00144,I0058,146.486,21.09,2026-09-18
A00144,I0049,70.879,24.74,2026-09-18
A00145,I0080,111.266,82.47,2026-09-18
A00145,I0033,67.213,269.53,2026-09-18
A00145,I0049,170.768,22.72,2026-09-18
A00145,I0001,24.601,861.68,2026-09-18
A00145,I0026,49.002,91.56,2026-09-18
A00145,I0036,121.971,469.83,2026-09-18
A00146,I0055,53.484,72.61,2026-09-18
A00146,I0029,62.214,136.63,2026-09-18
A00146,I0010,167.191,1967.86,2026-09-18
A00146,I0036,115.511,584.86,2026-09-18
A00147,I0037,148.213,300.33,2026-09-18
A00147,I0049,133.573,25.85,2026-09-18
A00147,I0013,33.726,2198.8,2026-09-18
A00147,I0070,20,646.23,2026-09-18
A00148,I0059,66.958,126.44,2026-09-18
A00148,I0009,170.331,824.49,2026-09-18
A00148,I0011,12.53,2643.3,2026-09-18
A00149,I0018,4.595,991.33,2026-09-18
A00149,I0043,165.261,30.61,2026-09-18
A00149,I0064,1,941.5,2026-09-18
A00149,I0026,150.03,108.71,2026-09-18
A00149,I0012,11.97,704.56,2026-09-18
A00149,I0080,12.748,88.59,2026-09-18
A00149,I0029,23.366,221.03,2026-09-18
A00149,I0041,98.105,371.82,2026-09-18
A00149,I0078,164.844,105.82,2026-09-18
A00150,I0061,10,1353.7,2026-09-18
A00150,I0040,174.028,480.95,2026-09-18
A00150,I0071,1,913.84,2026-09-18
A00150,I0006,33.435,1445.94,2026-09-18
A00150,I0054,5.802,103.24,2026-09-18
A00150,I0079,172.362,80.94,2026-09-18
A00150,I0031,112.295,1862.25,2026-09-18
A00151,I0008,86.05,128.37,2026-09-18
A00151,I0040,130.796,518.5,2026-09-18
A00151,I0015,79.112,1975.37,2026-09-18
A00151,I0028,141.116,421.39,2026-09-18
A00151,I0017,43.675,2311.69,2026-09-18
A00151,I0039,147.224,57.05,2026-09-18
A00151,I0065,2,911.6,2026-09-18
A00151,I0013,38.365,1780.01,2026-09-18
A00151,I0001,144.622,930.96,2026-09-18
A00152,I0062,10,796.92,2026-09-18
A00152,I0036,82.2,355.45,2026-09-18
A00152,I0041,100.942,427.45,2026-09-18
A00152,I0078,167.262,81.4,2026-09-18
A00152,I0038,80.078,165.06,2026-09-18
A00152,I0014,47.102,2297.71,2026-09-18
A00152,I0065,2,886.42,2026-09-18
A00152,I0049,67.283,20.7,2026-09-18
A00152,I0052,36.142,142.54,2026-09-18
A00153,I0016,167.153,1311.49,2026-09-18
A00153,I0028,30.02,610.18,2026-09-18
A00153,I0075,62.938,217.07,2026-09-18
A00153,I0061,20,888.19,2026-09-18
A00153,I0074,14.937,134.41,2026-09-18
A00153,I0078,136.771,124.74,2026-09-18
A00153,I0040,58.678,529.96,2026-09-18
A00153,I0022,69.502,278.16,2026-09-18
A00153,I0051,179.235,138.0,2026-09-18
A00153,I0023,103.061,642.17,2026-09-18
A00154,I0019,156.743,2295.26,2026-09-18
A00154,I0009,87.267,698.77,2026-09-18
A00154,I0023,139.96,516.18,2026-09-18
A00154,I0035,44.305,609.12,2026-09-18
A00154,I0051,62.088,103.5,2026-09-18
A00154,I0068,2,1234.45,2026-09-18
A00156,I0018,164.687,1317.21,2026-09-18
A00156,I0027,118.884,1646.91,2026-09-18
A00156,I0068,5,884.0,2026-09-18
A00156,I0067,1,697.19,2026-09-18
A00156,I0052,69.329,207.37,2026-09-18
A00156,I0075,3.439,177.3,2026-09-18
A00156,I0029,107.151,194.08,2026-09-18
A00156,I0051,81.899,141.71,2026-09-18
A00157,I0045,8.015,53.07,2026-09-18
A00157,I0013,162.882,2671.64,2026-09-18
A00157,I0073,72.73,117.95,2026-09-18
A00157,I0046,13.924,97.09,2026-09-18
A00157,I0031,47.489,1595.36,2026-09-18
A00157,I0006,115.962,1700.03,2026-09-18
A00157,I0040,131.025,505.32,2026-09-18
A00157,I0032,56.249,2265.34,2026-09-18
A00157,I0056,89.495,89.63,2026-09-18
A00158,I0004,95.283,1285.47,2026-09-18
A00158,I0051,109.267,121.84,2026-09-18
A00158,I0057,1.175,156.33,2026-09-18
A00158,I0021,96.866,345.75,2026-09-18
A00158,I0048,121.519,143.37,2026-09-18
A00159,I0065,1,855.71,2026-09-18
A00159,I0025,160.432,921.24,2026-09-18
A00159,I0028,141.173,571.87,2026-09-18
A00159,I0012,55.595,1008.89,2026-09-18
A00159,I0060,128.198,104.1,2026-09-18
A00159,I0075,167.369,247.75,2026-09-18
A00160,I0006,65.525,1736.67,2026-09-18
A00160,I0064,2,846.76,2026-09-18
A00160,I0033,45.492,304.95,2026-09-18
A00160,I0045,138.778,78.47,2026-09-18
A00160,I0029,3.673,173.45,2026-09-18
A00160,I0075,38.131,194.24,2026-09-18
A00160,I0003,114.206,162.41,2026-09-18
A00160,I0049,50.726,19.46,2026-09-18
A00160,I0059,64.992,145.92,2026-09-18
A00161,I0046,161.414,135.4,2026-09-18
A00161,I0016,109.48,1463.0,2026-09-18
A00161,I0004,39.056,1004.81,2026-09-18
A00161,I0073,150.814,129.27,2026-09-18
A00161,I0036,116.38,401.62,2026-09-18
A00161,I0018,24.745,1458.13,2026-09-18
A00161,I0032,5.495,2362.4,2026-09-18
A00161,I0019,129.079,1657.97,2026-09-18
A00161,I0002,94.136,1721.14,2026-09-18
A00161,I0062,50,942.1,2026-09-18
A00162,I0021,92.453,269.53,2026-09-18
A00162,I0006,36.859,1653.95,2026-09-18
A00162,I0030,132.533,1568.32,2026-09-18
A00162,I0041,169.532,461.78,2026-09-18
A00163,I0062,5,1044.53,2026-09-18
A00163,I0055,71.788,46.93,2026-09-18
A00163,I0035,158.941,706.59,2026-09-18
A00163,I0006,63.706,1033.98,2026-09-18
A00163,I0075,158.49,209.02,2026-09-18
A00163,I0044,79.401,51.87,2026-09-18
A00164,I0050,94.484,120.15,2026-09-18
A00164,I0075,37.626,191.84,2026-09-18
A00164,I0022,65.128,207.61,2026-09-18
A00164,I0017,139.347,2617.97,2026-09-18
A00164,I0046,83.455,98.32,2026-09-18
A00164,I0039,107.84,54.99,2026-09-18
A00164,I0020,16.688,820.24,2026-09-18
A00165,I0061,5,1171.98,2026-09-18
A00165,I0027,163.559,1515.72,2026-09-18
A00165,I0066,20,1309.99,2026-09-18
A00165,I0043,83.211,31.5,2026-09-18
A00165,I0024,48.334,241.48,2026-09-18
A00165,I0021,22.908,290.56,2026-09-18
A00165,I0056,101.414,87.61,2026-09-18
A00165,I0073,153.764,172.55,2026-09-18
A00165,I0019,128.99,1668.83,2026-09-18
A00166,I0019,133.17,1702.04,2026-09-18
A00166,I0071,10,671.48,2026-09-18
A00166,I0011,156.202,2490.28,2026-09-18
A00166,I0065,20,1098.62,2026-09-18
A00166,I0052,63.722,134.92,2026-09-18
A00166,I0078,63.052,127.87,2026-09-18
A00166,I0022,153.167,233.32,2026-09-18
A00166,I0008,47.429,153.77,2026-09-18
A00166,I0072,2,1082.02,2026-09-18
A00167,I0012,41.276,920.86,2026-09-18
A00167,I0063,2,737.71,2026-09-18
A00167,I0065,2,746.81,2026-09-18
A00167,I0077,70.066,74.73,2026-09-18
A00167,I0067,10,651.9,2026-09-18
A00167,I0070,1,1033.72,2026-09-18
A00167,I0051,155.292,98.27,2026-09-18
A00167,I0003,13.627,156.72,2026-09-18
A00167,I0031,8.584,1159.69,2026-09-18
A00167,I0020,71.131,884.91,2026-09-18
A00147,I0049,133.573,25.85,2026-09-18
A00145,I0036,121.971,469.83,2026-09-18
A00146,I0010,167.191,1967.86,2026-09-18
