instrument_id,symbol,instrument_name,asset_class,sector,exchange,currency,last_price,price_as_of,risk_band
I0001,EQ001,FinPilot Equity 1,EQUITY,Diversified,BSE,INR,996.11,2026-09-18,LOW
I0002,EQ002,FinPilot Equity 2,EQUITY,Consumer,BSE,INR,2371.88,2026-09-18,LOW
I0003,EQ003,FinPilot Equity 3,EQUITY,Energy,BSE,INR,145.88,2026-09-18,LOW
I0004,EQ004,FinPilot Equity 4,EQUITY,Industrials,BSE,INR,1094.36,2026-09-18,MEDIUM
I0005,EQ005,FinPilot Equity 5,EQUITY,Healthcare,BSE,INR,546.24,2026-09-18,LOW
I0006,EQ006,FinPilot Equity 6,EQUITY,Industrials,NSE,INR,1406.65,2026-09-18,LOW
I0007,EQ007,FinPilot Equity 7,EQUITY,Industrials,BSE,INR,490.07,2026-09-18,LOW
I0008,EQ008,FinPilot Equity 8,EQUITY,Financials,NSE,INR,157.28,2026-09-18,MEDIUM
I0009,EQ009,FinPilot Equity 9,EQUITY,Consumer,NSE,INR,914.39,2026-09-18,LOW
I0010,EQ010,FinPilot Equity 10,EQUITY,Industrials,NSE,INR,1844.73,2026-09-18,HIGH
I0011,EQ011,FinPilot Equity 11,EQUITY,Diversified,NSE,INR,2259.86,2026-09-18,HIGH
I0012,EQ012,FinPilot Equity 12,EQUITY,Healthcare,BSE,INR,894.18,2026-09-18,HIGH
I0013,EQ013,FinPilot Equity 13,EQUITY,Healthcare,BSE,INR,2190.58,2026-09-18,LOW
I0014,EQ014,FinPilot Equity 14,EQUITY,Diversified,BSE,INR,2341.67,2026-09-18,LOW
I0015,EQ015,FinPilot Equity 15,EQUITY,Diversified,NSE,INR,2383.01,2026-09-18,MEDIUM
I0016,EQ016,FinPilot Equity 16,EQUITY,Energy,BSE,INR,1445.22,2026-09-18,HIGH
I0017,EQ017,FinPilot Equity 17,EQUITY,Financials,NSE,INR,2223.86,2026-09-18,HIGH
I0018,EQ018,FinPilot Equity 18,EQUITY,Technology,BSE,INR,1356.19,2026-09-18,LOW
I0019,EQ019,FinPilot Equity 19,EQUITY,Healthcare,BSE,INR,2215.39,2026-09-18,MEDIUM
I0020,EQ020,FinPilot Equity 20,EQUITY,Industrials,NSE,INR,762.96,2026-09-18,LOW
I0021,EQ021,FinPilot Equity 21,EQUITY,Diversified,NSE,INR,281.26,2026-09-18,MEDIUM
I0022,EQ022,FinPilot Equity 22,EQUITY,Healthcare,BSE,INR,273.26,2026-09-18,HIGH
I0023,EQ023,FinPilot Equity 23,EQUITY,Energy,BSE,INR,617.09,2026-09-18,MEDIUM
I0024,EQ024,FinPilot Equity 24,EQUITY,Financials,NSE,INR,257.91,2026-09-18,HIGH
I0025,EQ025,FinPilot Equity 25,EQUITY,Diversified,BSE,INR,782.44,2026-09-18,HIGH
I0026,EQ026,FinPilot Equity 26,EQUITY,Healthcare,BSE,INR,102.5,2026-09-18,MEDIUM
I0027,EQ027,FinPilot Equity 27,EQUITY,Financials,NSE,INR,1399.76,2026-09-18,HIGH
I0028,EQ028,FinPilot Equity 28,EQUITY,Technology,NSE,INR,517.51,2026-09-18,HIGH
I0029,EQ029,FinPilot Equity 29,EQUITY,Consumer,BSE,INR,184.68,2026-09-18,HIGH
I0030,EQ030,FinPilot Equity 30,EQUITY,Consumer,BSE,INR,1808.56,2026-09-18,HIGH
I0031,EQ031,FinPilot Equity 31,EQUITY,Consumer,NSE,INR,1577.7,2026-09-18,HIGH
I0032,EQ032,FinPilot Equity 32,EQUITY,Technology,NSE,INR,2335.74,2026-09-18,MEDIUM
I0033,ET001,FinPilot Etf 1,ETF,,NSE,INR,285.48,2026-09-18,LOW
I0034,ET002,FinPilot Etf 2,ETF,,NSE,INR,131.49,2026-09-18,LOW
I0035,ET003,FinPilot Etf 3,ETF,,NSE,INR,646.9,2026-09-18,MEDIUM
I0036,ET004,FinPilot Etf 4,ETF,,BSE,INR,469.43,2026-09-18,MEDIUM
I0037,ET005,FinPilot Etf 5,ETF,,BSE,INR,248.25,2026-09-18,HIGH
I0038,ET006,FinPilot Etf 6,ETF,,BSE,INR,178.65,2026-09-18,LOW
I0039,ET007,FinPilot Etf 7,ETF,,NSE,INR,76.29,2026-09-18,MEDIUM
I0040,ET008,FinPilot Etf 8,ETF,,BSE,INR,527.14,2026-09-18,LOW
I0041,ET009,FinPilot Etf 9,ETF,,BSE,INR,487.77,2026-09-18,LOW
I0042,ET010,FinPilot Etf 10,ETF,,NSE,INR,247.67,2026-09-18,LOW
I0043,ET011,FinPilot Etf 11,ETF,,NSE,INR,36.17,2026-09-18,LOW
I0044,ET012,FinPilot Etf 12,ETF,,NSE,INR,48.67,2026-09-18,HIGH
I0045,MU001,FinPilot Mutual Fund 1,MUTUAL_FUND,,OTC,INR,73.66,2026-09-18,MEDIUM
I0046,MU002,FinPilot Mutual Fund 2,MUTUAL_FUND,,OTC,INR,109.31,2026-09-18,MEDIUM
I0047,MU003,FinPilot Mutual Fund 3,MUTUAL_FUND,,OTC,INR,73.82,2026-09-18,HIGH
I0048,MU004,FinPilot Mutual Fund 4,MUTUAL_FUND,,OTC,INR,169.23,2026-09-18,MEDIUM
I0049,MU005,FinPilot Mutual Fund 5,MUTUAL_FUND,,OTC,INR,23.37,2026-09-18,LOW
I0050,MU006,FinPilot Mutual Fund 6,MUTUAL_FUND,,OTC,INR,98.84,2026-09-18,HIGH
I0051,MU007,FinPilot Mutual Fund 7,MUTUAL_FUND,,OTC,INR,131.27,2026-09-18,MEDIUM
I0052,MU008,FinPilot Mutual Fund 8,MUTUAL_FUND,,OTC,INR,166.57,2026-09-18,LOW
I0053,MU009,FinPilot Mutual Fund 9,MUTUAL_FUND,,OTC,INR,14.07,2026-09-18,LOW
I0054,MU010,FinPilot Mutual Fund 10,MUTUAL_FUND,,OTC,INR,90.81,2026-09-18,MEDIUM
I0055,MU011,FinPilot Mutual Fund 11,MUTUAL_FUND,,OTC,INR,64.81,2026-09-18,HIGH
I0056,MU012,FinPilot Mutual Fund 12,MUTUAL_FUND,,OTC,INR,109.04,2026-09-18,HIGH
I0057,MU013,FinPilot Mutual Fund 13,MUTUAL_FUND,,OTC,INR,179.76,2026-09-18,LOW
I0058,MU014,FinPilot Mutual Fund 14,MUTUAL_FUND,,OTC,INR,19.26,2026-09-18,MEDIUM
I0059,MU015,FinPilot Mutual Fund 15,MUTUAL_FUND,,OTC,INR,171.26,2026-09-18,HIGH
I0060,MU016,FinPilot Mutual Fund 16,MUTUAL_FUND,,OTC,INR,95.34,2026-09-18,MEDIUM
I0061,BO001,FinPilot Bond 1,BOND,,OTC,INR,1136.01,2026-09-18,LOW
I0062,BO002,FinPilot Bond 2,BOND,,OTC,INR,951.66,2026-09-18,MEDIUM
I0063,BO003,FinPilot Bond 3,BOND,,OTC,INR,909.7,2026-09-18,MEDIUM
I0064,BO004,FinPilot Bond 4,BOND,,OTC,INR,975.06,2026-09-18,LOW
I0065,BO005,FinPilot Bond 5,BOND,,OTC,INR,1021.48,2026-09-18,LOW
I0066,BO006,FinPilot Bond 6,BOND,,OTC,INR,1069.39,2026-09-18,HIGH
I0067,BO007,FinPilot Bond 7,BOND,,OTC,INR,851.05,2026-09-18,LOW
I0068,BO008,FinPilot Bond 8,BOND,,OTC,INR,1143.28,2026-09-18,LOW
I0069,BO009,FinPilot Bond 9,BOND,,OTC,INR,1001.8,2026-09-18,MEDIUM
I0070,BO010,FinPilot Bond 10,BOND,,OTC,INR,877.02,2026-09-18,LOW
I0071,BO011,FinPilot Bond 11,BOND,,OTC,INR,868.88,2026-09-18,HIGH
I0072,BO012,FinPilot Bond 12,BOND,,OTC,INR,926.82,2026-09-18,LOW
I0073,RE001,FinPilot Reit 1,REIT,,BSE,INR,160.48,2026-09-18,MEDIUM
I0074,RE002,FinPilot Reit 2,REIT,,NSE,INR,112.95,2026-09-18,HIGH
I0075,RE003,FinPilot Reit 3,REIT,,NSE,INR,218.73,2026-09-18,MEDIUM
I0076,RE004,FinPilot Reit 4,REIT,,BSE,INR,470.53,2026-09-18,LOW
I0077,GS001,FinPilot Gsec 1,GSEC,,OTC,INR,98.78,2026-09-18,HIGH
I0078,GS002,FinPilot Gsec 2,GSEC,,OTC,INR,107.95,2026-09-18,MEDIUM
I0079,GS003,FinPilot Gsec 3,GSEC,,OTC,INR,104.83,2026-09-18,MEDIUM
I0080,GS004,FinPilot Gsec 4,GSEC,,OTC,INR,98.96,2026-09-18,LOW
