customer_id,risk_score,risk_level,assessed_at,horizon_years,liquidity_need
C0001,81,Aggressive,2026-07-21,9,MEDIUM
C0002,83,Aggressive,2026-03-05,10,HIGH
C0003,83,Aggressive,2026-09-05,18,HIGH
C0004,48,Moderate,2026-08-03,2,LOW
C0005,58,Growth,2026-06-12,8,HIGH
C0006,42,Moderate,2026-05-25,24,MEDIUM
C0007,78,Aggressive,2026-05-20,15,MEDIUM
C0008,56,Growth,2026-07-28,7,LOW
C0009,48,Moderate,2026-03-20,24,MEDIUM
C0010,23,Conservative,2026-07-03,11,MEDIUM
C0011,18,Conservative,2026-06-05,8,LOW
C0012,62,Growth,2026-08-24,12,HIGH
C0013,34,Conservative,2026-06-20,24,LOW
C0014,35,Moderate,2026-08-10,6,HIGH
C0015,46,Moderate,2026-06-21,5,MEDIUM
C0016,60,Growth,2026-09-13,19,MEDIUM
C0017,23,Conservative,2026-06-27,13,HIGH
C0018,87,Aggressive,2026-05-21,25,HIGH
C0019,67,Growth,2026-05-12,22,LOW
C0020,58,Growth,2026-08-07,6,MEDIUM
C0021,55,Growth,2026-05-08,11,MEDIUM
C0022,75,Aggressive,2026-03-25,11,LOW
C0023,31,Conservative,2026-04-02,17,MEDIUM
C0024,83,Aggressive,2026-07-30,19,LOW
C0025,34,Conservative,2026-06-29,22,LOW
C0026,88,Aggressive,2026-04-19,2,HIGH
C0027,22,Conservative,2026-08-14,5,HIGH
C0028,21,Conservative,2026-03-20,13,MEDIUM
C0029,53,Moderate,2026-07-26,21,LOW
C0030,91,Aggressive,2026-05-06,6,HIGH
C0031,59,Growth,2026-09-16,10,LOW
C0032,21,Conservative,2026-07-04,16,HIGH
C0033,68,Growth,2026-05-11,2,HIGH
C0034,31,Conservative,2026-08-04,19,LOW
C0035,34,Conservative,2026-07-15,15,LOW
C0036,58,Growth,2026-04-12,21,HIGH
C0037,63,Growth,2026-09-13,6,MEDIUM
C0038,74,Growth,2026-04-06,2,MEDIUM
C0039,32,Conservative,2026-06-29,6,MEDIUM
C0040,74,Growth,2026-07-19,13,HIGH
C0041,53,Moderate,2026-05-20,19,LOW
C0042,60,Growth,2026-07-22,4,HIGH
C0043,70,Growth,2026-03-06,9,HIGH
C0044,86,Aggressive,2026-06-17,24,LOW
C0045,46,Moderate,2026-08-24,9,MEDIUM
C0046,41,Moderate,2026-07-11,24,HIGH
C0047,92,Aggressive,2026-04-28,3,MEDIUM
C0048,26,Conservative,2026-04-06,3,MEDIUM
C0049,18,Conservative,2026-04-17,24,MEDIUM
C0050,42,Moderate,2026-07-03,16,HIGH
C0051,62,Growth,2026-03-12,7,HIGH
C0052,22,Conservative,2026-04-02,18,MEDIUM
C0053,43,Moderate,2026-03-12,18,LOW
C0054,41,Moderate,2026-04-13,17,LOW
C0055,62,Growth,2026-05-27,25,MEDIUM
C0056,72,Growth,2026-08-24,8,LOW
C0057,70,Growth,2026-06-03,14,LOW
C0058,36,Moderate,2026-08-20,21,LOW
C0059,66,Growth,2026-04-21,10,MEDIUM
C0060,42,Moderate,2026-08-02,17,MEDIUM
C0061,49,Moderate,2026-03-12,8,MEDIUM
C0062,71,Growth,2026-07-31,21,MEDIUM
C0063,64,Growth,2026-09-17,12,LOW
C0064,48,Moderate,2026-04-12,8,HIGH
C0065,18,Conservative,2026-03-10,3,HIGH
C0066,89,Aggressive,2026-04-22,17,HIGH
C0067,20,Conservative,2026-04-09,10,LOW
C0068,20,Conservative,2026-08-11,25,HIGH
C0069,62,Growth,2026-08-21,21,HIGH
C0070,82,Aggressive,2026-05-29,20,HIGH
C0071,36,Moderate,2026-04-27,3,MEDIUM
C0072,64,Growth,2026-07-12,22,LOW
C0073,35,Moderate,2026-07-24,24,HIGH
C0074,57,Growth,2026-07-26,15,LOW
C0075,62,Growth,2026-05-17,18,LOW
C0076,85,Aggressive,2026-03-24,17,MEDIUM
C0077,67,Growth,2026-04-14,23,HIGH
C0078,41,Moderate,2026-04-02,5,MEDIUM
C0079,83,Aggressive,2026-08-23,21,HIGH
C0080,40,Moderate,2026-09-03,9,LOW
C0081,86,Aggressive,2026-03-04,10,MEDIUM
C0082,91,Aggressive,2026-05-19,20,MEDIUM
C0083,58,Growth,2026-05-11,23,MEDIUM
C0084,23,Conservative,2026-04-18,18,MEDIUM
C0085,31,Conservative,2026-08-04,8,HIGH
C0086,55,Growth,2026-03-03,11,HIGH
C0087,57,Growth,2026-03-22,18,HIGH
C0088,49,Moderate,2026-09-13,4,HIGH
C0089,79,Aggressive,2026-05-05,8,HIGH
C0090,61,Growth,2026-09-06,4,LOW
C0091,31,Conservative,2026-06-16,8,LOW
C0092,27,Conservative,2026-08-27,19,HIGH
C0093,90,Aggressive,2026-06-21,19,HIGH
C0094,91,Aggressive,2026-06-20,10,HIGH
C0095,47,Moderate,2026-03-16,24,MEDIUM
C0096,67,Growth,2026-06-17,4,MEDIUM
C0097,86,Aggressive,2026-04-23,24,MEDIUM
C0098,83,Aggressive,2026-05-26,16,HIGH
C0099,71,Growth,2026-04-09,2,LOW
C0100,32,Conservative,2026-05-26,17,HIGH
C0101,59,Growth,2026-08-06,11,HIGH
C0102,32,Conservative,2026-04-11,22,LOW
C0103,60,Growth,2026-04-12,13,HIGH
C0104,70,Growth,2026-04-14,3,MEDIUM
C0105,73,Growth,2026-07-05,12,MEDIUM
C0106,20,Conservative,2026-06-14,20,HIGH
C0107,28,Conservative,2026-04-14,3,HIGH
C0108,88,Aggressive,2026-05-07,3,HIGH
C0109,24,Conservative,2026-08-04,17,HIGH
C0110,67,Growth,2026-06-05,9,LOW
C0111,19,Conservative,2026-07-30,9,MEDIUM
C0112,26,Conservative,2026-08-25,6,HIGH
C0113,44,Moderate,2026-08-18,20,MEDIUM
C0114,67,Growth,2026-08-21,2,HIGH
C0115,31,Conservative,2026-04-06,17,LOW
C0116,65,Growth,2026-04-06,21,HIGH
C0117,23,Conservative,2026-06-26,22,HIGH
C0118,83,Aggressive,2026-07-12,15,LOW
C0119,79,Aggressive,2026-07-22,4,LOW
C0120,89,Aggressive,2026-06-03,5,LOW
